date;casConfirmes;var_casConfirmes_1j;var_casConfirmes_3j;var_casConfirmes_7j;var_casConfirmes_15j;diff_casConfirmes_1j;diff_casConfirmes_3j;diff_casConfirmes_7j;diff_casConfirmes_15j;var_diff_casConfirmes_1j;var_diff_casConfirmes_3j;var_diff_casConfirmes_7j;var_diff_casConfirmes_15j;hospitalises;avg_hospitalises_3j;avg_hospitalises_7j;avg_hospitalises_15j;var_hospitalises_1j;var_hospitalises_3j;var_hospitalises_7j;var_hospitalises_15j;diff_hospitalises_1j;diff_hospitalises_3j;diff_hospitalises_7j;diff_hospitalises_15j;var_diff_hospitalises_1j;var_diff_hospitalises_3j;var_diff_hospitalises_7j;var_diff_hospitalises_15j;gueris;var_gueris_1j;var_gueris_3j;var_gueris_7j;var_gueris_15j;diff_gueris_1j;diff_gueris_3j;diff_gueris_7j;diff_gueris_15j;var_diff_gueris_1j;var_diff_gueris_3j;var_diff_gueris_7j;var_diff_gueris_15j;reanimation;avg_reanimation_3j;avg_reanimation_7j;avg_reanimation_15j;var_reanimation_1j;var_reanimation_3j;var_reanimation_7j;var_reanimation_15j;diff_reanimation_1j;diff_reanimation_3j;diff_reanimation_7j;diff_reanimation_15j;var_diff_reanimation_1j;var_diff_reanimation_3j;var_diff_reanimation_7j;var_diff_reanimation_15j;deces;var_deces_1j;var_deces_3j;var_deces_7j;var_deces_15j;diff_deces_1j;diff_deces_3j;diff_deces_7j;diff_deces_15j;var_diff_deces_1j;var_diff_deces_3j;var_diff_deces_7j;var_diff_deces_15j;casEhpad;var_casEhpad_1j;var_casEhpad_3j;var_casEhpad_7j;var_casEhpad_15j;diff_casEhpad_1j;diff_casEhpad_3j;diff_casEhpad_7j;diff_casEhpad_15j;var_diff_casEhpad_1j;var_diff_casEhpad_3j;var_diff_casEhpad_7j;var_diff_casEhpad_15j;casConfirmesEhpad;var_casConfirmesEhpad_1j;var_casConfirmesEhpad_3j;var_casConfirmesEhpad_7j;var_casConfirmesEhpad_15j;diff_casConfirmesEhpad_1j;diff_casConfirmesEhpad_3j;diff_casConfirmesEhpad_7j;diff_casConfirmesEhpad_15j;var_diff_casConfirmesEhpad_1j;var_diff_casConfirmesEhpad_3j;var_diff_casConfirmesEhpad_7j;var_diff_casConfirmesEhpad_15j;decesEhpad;var_decesEhpad_1j;var_decesEhpad_3j;var_decesEhpad_7j;var_decesEhpad_15j;diff_decesEhpad_1j;diff_decesEhpad_3j;diff_decesEhpad_7j;diff_decesEhpad_15j;var_diff_decesEhpad_1j;var_diff_decesEhpad_3j;var_diff_decesEhpad_7j;var_diff_decesEhpad_15j
2020-01-24;3;;;;;;;;;;;;;3;;;;;;;;;;;;;;;;0;;;;;;;;;;;;;0;;;;;;;;;;;;;;;;0;;;;;;;;;;;;;0;;;;;;;;;;;;;0;;;;;;;;;;;;;0;;;;;;;;;;;;
2020-01-27;3;0.0;;;;0.0;;;;;;;;3;;;;0.0;;;;0.0;;;;;;;;0;;;;;0.0;;;;;;;;0;;;;;;;;0.0;;;;;;;;0;;;;;0.0;;;;;;;;0;;;;;0.0;;;;;;;;0;;;;;0.0;;;;;;;;0;;;;;0.0;;;;;;;
2020-01-28;4;0.3333;;;;1.0;;;;inf;;;;4;3.3333;;;0.3333;;;;1.0;;;;inf;;;;0;;;;;0.0;;;;;;;;1;0.3333;;;inf;;;;1.0;;;;inf;;;;0;;;;;0.0;;;;;;;;0;;;;;0.0;;;;;;;;0;;;;;0.0;;;;;;;;0;;;;;0.0;;;;;;;
2020-01-29;5;0.25;0.6667;;;1.0;2.0;;;0.0;;;;5;4.0;;;0.25;0.6667;;;1.0;2.0;;;0.0;;;;0;;;;;0.0;0.0;;;;;;;2;1.0;;;1.0;inf;;;1.0;2.0;;;0.0;;;;0;;;;;0.0;0.0;;;;;;;0;;;;;0.0;0.0;;;;;;;0;;;;;0.0;0.0;;;;;;;0;;;;;0.0;0.0;;;;;;
2020-01-30;6;0.2;1.0;;;1.0;3.0;;;0.0;0.5;;;6;5.0;;;0.2;1.0;;;1.0;3.0;;;0.0;0.5;;;0;;;;;0.0;0.0;;;;;;;2;1.6667;;;0.0;inf;;;0.0;2.0;;;-1.0;0.0;;;0;;;;;0.0;0.0;;;;;;;0;;;;;0.0;0.0;;;;;;;0;;;;;0.0;0.0;;;;;;;0;;;;;0.0;0.0;;;;;;
2020-01-31;6;0.0;0.5;;;0.0;2.0;;;-1.0;-0.3333;;;6;5.6667;;;0.0;0.5;;;0.0;2.0;;;-1.0;-0.3333;;;0;;;;;0.0;0.0;;;;;;;2;2.0;;;0.0;1.0;;;0.0;1.0;;;;-0.5;;;0;;;;;0.0;0.0;;;;;;;0;;;;;0.0;0.0;;;;;;;0;;;;;0.0;0.0;;;;;;;0;;;;;0.0;0.0;;;;;;
2020-02-02;6;0.0;0.2;;;0.0;1.0;;;;-0.5;;;6;6.0;4.7143;;0.0;0.2;;;0.0;1.0;;;;-0.5;;;0;;;;;0.0;0.0;;;;;;;1;1.6667;1.1429;;-0.5;-0.5;;;-1.0;-1.0;;;-inf;-2.0;;;0;;;;;0.0;0.0;;;;;;;0;;;;;0.0;0.0;;;;;;;0;;;;;0.0;0.0;;;;;;;0;;;;;0.0;0.0;;;;;;
2020-02-03;6;0.0;0.0;1.0;;0.0;0.0;3.0;;;-1.0;;;6;6.0;5.1429;;0.0;0.0;1.0;;0.0;0.0;3.0;;;-1.0;;;0;;;;;0.0;0.0;0.0;;;;;;1;1.3333;1.2857;;0.0;-0.5;inf;;0.0;-1.0;1.0;;-1.0;0.0;;;0;;;;;0.0;0.0;0.0;;;;;;0;;;;;0.0;0.0;0.0;;;;;;0;;;;;0.0;0.0;0.0;;;;;;0;;;;;0.0;0.0;0.0;;;;;
2020-02-04;6;0.0;0.0;1.0;;0.0;0.0;3.0;;;;0.0;;6;6.0;5.5714;;0.0;0.0;1.0;;0.0;0.0;3.0;;;;0.0;;0;;;;;0.0;0.0;0.0;;;;;;1;1.0;1.4286;;0.0;-0.5;inf;;0.0;-1.0;1.0;;;0.0;0.0;;0;;;;;0.0;0.0;0.0;;;;;;0;;;;;0.0;0.0;0.0;;;;;;0;;;;;0.0;0.0;0.0;;;;;;0;;;;;0.0;0.0;0.0;;;;;
2020-02-05;6;0.0;0.0;0.5;;0.0;0.0;2.0;;;;-0.3333;;6;6.0;5.8571;;0.0;0.0;0.5;;0.0;0.0;2.0;;;;-0.3333;;0;;;;;0.0;0.0;0.0;;;;;;1;1.0;1.4286;;0.0;0.0;0.0;;0.0;0.0;0.0;;;-1.0;-1.0;;0;;;;;0.0;0.0;0.0;;;;;;0;;;;;0.0;0.0;0.0;;;;;;0;;;;;0.0;0.0;0.0;;;;;;0;;;;;0.0;0.0;0.0;;;;;
2020-02-07;6;0.0;0.0;0.2;;0.0;0.0;1.0;;;;-0.5;;6;6.0;6.0;;0.0;0.0;0.2;;0.0;0.0;1.0;;;;-0.5;;0;;;;;0.0;0.0;0.0;;;;;;1;1.0;1.2857;;0.0;0.0;-0.5;;0.0;0.0;-1.0;;;;-inf;;0;;;;;0.0;0.0;0.0;;;;;;0;;;;;0.0;0.0;0.0;;;;;;0;;;;;0.0;0.0;0.0;;;;;;0;;;;;0.0;0.0;0.0;;;;;
2020-02-08;11;0.8333;0.8333;0.8333;;5.0;5.0;5.0;;inf;inf;4.0;;11;7.6667;6.7143;;0.8333;0.8333;0.8333;;5.0;5.0;5.0;;inf;inf;4.0;;0;;;;;0.0;0.0;0.0;;;;;;1;1.0;1.1429;;0.0;0.0;-0.5;;0.0;0.0;-1.0;;;;0.0;;0;;;;;0.0;0.0;0.0;;;;;;0;;;;;0.0;0.0;0.0;;;;;;0;;;;;0.0;0.0;0.0;;;;;;0;;;;;0.0;0.0;0.0;;;;;
2020-02-09;11;0.0;0.8333;0.8333;;0.0;5.0;5.0;;-1.0;0.0;0.0;;11;9.3333;7.4286;;0.0;0.8333;0.8333;;0.0;5.0;5.0;;-1.0;0.0;0.0;;0;;;;;0.0;0.0;0.0;;;;;;1;1.0;1.0;;0.0;0.0;-0.5;;0.0;0.0;-1.0;;;;0.0;;0;;;;;0.0;0.0;0.0;;;;;;0;;;;;0.0;0.0;0.0;;;;;;0;;;;;0.0;0.0;0.0;;;;;;0;;;;;0.0;0.0;0.0;;;;;
2020-02-10;11;0.0;0.8333;0.8333;;0.0;5.0;5.0;;;0.0;0.0;;11;11.0;8.1429;;0.0;0.8333;0.8333;;0.0;5.0;5.0;;;0.0;0.0;;0;;;;;0.0;0.0;0.0;;;;;;1;1.0;1.0;;0.0;0.0;0.0;;0.0;0.0;0.0;;;;-1.0;;0;;;;;0.0;0.0;0.0;;;;;;0;;;;;0.0;0.0;0.0;;;;;;0;;;;;0.0;0.0;0.0;;;;;;0;;;;;0.0;0.0;0.0;;;;;
2020-02-12;11;0.0;0.0;0.8333;;0.0;0.0;5.0;;;-1.0;0.0;;9;10.3333;8.5714;6.6;-0.1818;-0.1818;0.5;;-2.0;-2.0;3.0;;-inf;-1.4;-0.4;;2;inf;inf;inf;;2.0;2.0;2.0;;inf;inf;inf;;1;1.0;1.0;1.0667;0.0;0.0;0.0;;0.0;0.0;0.0;;;;;;0;;;;;0.0;0.0;0.0;;;;;;0;;;;;0.0;0.0;0.0;;;;;;0;;;;;0.0;0.0;0.0;;;;;;0;;;;;0.0;0.0;0.0;;;;;
2020-02-13;11;0.0;0.0;0.8333;2.6667;0.0;0.0;5.0;8.0;;;0.0;;8;9.3333;8.8571;6.9333;-0.1111;-0.2727;0.3333;1.6667;-1.0;-3.0;2.0;5.0;-0.5;0.5;-0.3333;;3;0.5;inf;inf;inf;1.0;3.0;3.0;3.0;-0.5;0.5;0.5;;1;1.0;1.0;1.1333;0.0;0.0;0.0;inf;0.0;0.0;0.0;1.0;;;;;0;;;;;0.0;0.0;0.0;0.0;;;;;0;;;;;0.0;0.0;0.0;0.0;;;;;0;;;;;0.0;0.0;0.0;0.0;;;;;0;;;;;0.0;0.0;0.0;0.0;;;;
2020-02-15;12;0.0909;0.0909;1.0;3.0;1.0;1.0;6.0;9.0;inf;inf;0.2;0.125;7;8.0;9.0;7.2;-0.125;-0.3636;0.1667;1.3333;-1.0;-4.0;1.0;4.0;0.0;0.3333;-0.5;-0.2;4;0.3333;inf;inf;inf;1.0;4.0;4.0;4.0;0.0;0.3333;0.3333;0.3333;0;0.6667;0.8571;1.1333;-1.0;-1.0;-1.0;;-1.0;-1.0;-1.0;0.0;-inf;-inf;-inf;-1.0;1;inf;inf;inf;inf;1.0;1.0;1.0;1.0;inf;inf;inf;inf;0;;;;;0.0;0.0;0.0;0.0;;;;;0;;;;;0.0;0.0;0.0;0.0;;;;;0;;;;;0.0;0.0;0.0;0.0;;;;
2020-02-17;12;0.0;0.0909;1.0;2.0;0.0;1.0;6.0;8.0;-1.0;0.0;0.0;-0.1111;0;5.0;8.1429;6.9333;-1.0;-1.0;-1.0;-1.0;-7.0;-9.0;-6.0;-4.0;6.0;1.25;-7.0;-2.0;0;-1.0;-1.0;;;-4.0;-2.0;0.0;0.0;-5.0;-1.5;-1.0;-1.0;0;0.3333;0.7143;1.0667;;-1.0;-1.0;-1.0;0.0;-1.0;-1.0;-1.0;-1.0;0.0;0.0;-inf;1;0.0;inf;inf;inf;0.0;1.0;1.0;1.0;-1.0;0.0;0.0;0.0;0;;;;;0.0;0.0;0.0;0.0;;;;;0;;;;;0.0;0.0;0.0;0.0;;;;;0;;;;;0.0;0.0;0.0;0.0;;;;
2020-02-19;12;0.0;0.0909;0.0909;1.4;0.0;1.0;1.0;7.0;;0.0;-0.8333;-0.125;4;3.6667;7.1429;6.8667;inf;-0.5;-0.6364;-0.2;4.0;-4.0;-7.0;-1.0;-1.5714;-0.5556;0.1667;-0.75;7;inf;1.3333;inf;inf;7.0;4.0;7.0;7.0;-2.75;-3.0;inf;inf;0;0.0;0.5714;0.9333;;-1.0;-1.0;-1.0;0.0;-1.0;-1.0;-2.0;;0.0;0.0;1.0;1;0.0;inf;inf;inf;0.0;1.0;1.0;1.0;;0.0;0.0;0.0;0;;;;;0.0;0.0;0.0;0.0;;;;;0;;;;;0.0;0.0;0.0;0.0;;;;;0;;;;;0.0;0.0;0.0;0.0;;;;
2020-02-21;12;0.0;0.0;0.0909;1.0;0.0;0.0;1.0;6.0;;-1.0;0.0;-0.1429;1;1.6667;5.7143;6.5333;-0.75;-0.8571;-0.9091;-0.8333;-3.0;-6.0;-10.0;-5.0;-1.75;0.5;0.4286;4.0;10;0.4286;1.5;inf;inf;3.0;6.0;10.0;10.0;-0.5714;0.5;0.4286;0.4286;0;0.0;0.4286;0.8;;;-1.0;-1.0;0.0;0.0;-1.0;-2.0;;-1.0;0.0;0.0;1;0.0;0.0;inf;inf;0.0;0.0;1.0;1.0;;-1.0;0.0;0.0;0;;;;;0.0;0.0;0.0;0.0;;;;;0;;;;;0.0;0.0;0.0;0.0;;;;;0;;;;;0.0;0.0;0.0;0.0;;;;
2020-02-23;12;0.0;0.0;0.0909;1.0;0.0;0.0;1.0;6.0;;;0.0;0.0;1;2.0;4.2857;6.2;0.0;inf;-0.9091;-0.8333;0.0;1.0;-10.0;-5.0;-1.0;-1.1667;0.0;0.0;10;0.0;inf;inf;inf;0.0;10.0;10.0;10.0;-1.0;0.6667;0.0;0.0;0;0.0;0.2857;0.6667;;;-1.0;-1.0;0.0;0.0;-1.0;-2.0;;;0.0;0.0;1;0.0;0.0;inf;inf;0.0;0.0;1.0;1.0;;;0.0;0.0;0;;;;;0.0;0.0;0.0;0.0;;;;;0;;;;;0.0;0.0;0.0;0.0;;;;;0;;;;;0.0;0.0;0.0;0.0;;;;
2020-02-24;12;0.0;0.0;0.0909;1.0;0.0;0.0;1.0;6.0;;;0.0;0.0;0;0.6667;3.0;5.8;-1.0;-1.0;-1.0;-1.0;-1.0;-4.0;-9.0;-6.0;-inf;-5.0;-0.1;0.2;11;0.1;0.5714;4.5;inf;1.0;4.0;9.0;11.0;inf;-0.6;-0.1;0.1;0;0.0;0.1429;0.6;;;-1.0;-1.0;0.0;0.0;-1.0;-1.0;;;0.0;-0.5;1;0.0;0.0;inf;inf;0.0;0.0;1.0;1.0;;;0.0;0.0;0;;;;;0.0;0.0;0.0;0.0;;;;;0;;;;;0.0;0.0;0.0;0.0;;;;;0;;;;;0.0;0.0;0.0;0.0;;;;
2020-02-25;14;0.1667;0.1667;0.2727;1.3333;2.0;2.0;3.0;8.0;inf;inf;2.0;0.3333;2;1.0;2.1429;5.5333;inf;1.0;-0.75;-0.6667;2.0;1.0;-6.0;-4.0;-3.0;-1.25;-0.3333;-0.3333;11;0.0;0.1;2.6667;inf;0.0;1.0;8.0;11.0;-1.0;-0.75;-0.1111;0.0;0;0.0;0.0;0.5333;;;-1.0;-1.0;0.0;0.0;-1.0;-1.0;;;0.0;0.0;1;0.0;0.0;inf;inf;0.0;0.0;1.0;1.0;;;0.0;0.0;0;;;;;0.0;0.0;0.0;0.0;;;;;0;;;;;0.0;0.0;0.0;0.0;;;;;0;;;;;0.0;0.0;0.0;0.0;;;;
2020-02-26;18;0.2857;0.5;0.5;2.0;4.0;6.0;6.0;12.0;1.0;2.0;1.0;0.5;4;2.0;1.7143;5.4;1.0;3.0;-0.4286;-0.3333;2.0;3.0;-3.0;-2.0;0.0;2.0;-0.5;-0.5;12;0.0909;0.2;2.0;inf;1.0;2.0;8.0;12.0;inf;1.0;0.0;0.0909;0;0.0;0.0;0.4667;;;;-1.0;0.0;0.0;0.0;-1.0;;;-1.0;0.0;2;1.0;1.0;1.0;inf;1.0;1.0;1.0;2.0;inf;inf;0.0;1.0;0;;;;;0.0;0.0;0.0;0.0;;;;;0;;;;;0.0;0.0;0.0;0.0;;;;;0;;;;;0.0;0.0;0.0;0.0;;;;
2020-02-27;38;1.1111;2.1667;2.1667;5.3333;20.0;26.0;26.0;32.0;4.0;3.3333;3.3333;1.6667;24;10.0;5.1429;6.6;5.0;inf;inf;3.0;20.0;24.0;24.0;18.0;9.0;7.0;-9.0;-10.0;12;0.0;0.0909;inf;inf;0.0;1.0;12.0;12.0;-1.0;-0.5;0.5;0.0;2;0.6667;0.2857;0.5333;inf;inf;inf;1.0;2.0;2.0;2.0;1.0;inf;inf;inf;-2.0;2;0.0;1.0;1.0;inf;0.0;1.0;1.0;2.0;-1.0;0.0;0.0;0.0;0;;;;;0.0;0.0;0.0;0.0;;;;;0;;;;;0.0;0.0;0.0;0.0;;;;;0;;;;;0.0;0.0;0.0;0.0;;;;
2020-02-28;57;0.5;3.0714;3.75;8.5;19.0;43.0;45.0;51.0;-0.05;0.6538;0.7308;0.5938;0;9.3333;4.5714;6.2;-1.0;-1.0;-1.0;-1.0;-24.0;-2.0;-4.0;-6.0;-2.2;-1.0833;-1.1667;-1.3333;0;-1.0;-1.0;-1.0;;-12.0;-11.0;-7.0;0.0;-inf;-12.0;-1.5833;-1.0;0;0.6667;0.2857;0.4667;-1.0;;;-1.0;-2.0;0.0;0.0;-1.0;-2.0;-1.0;-1.0;-2.0;2;0.0;1.0;1.0;inf;0.0;1.0;1.0;2.0;;0.0;0.0;0.0;0;;;;;0.0;0.0;0.0;0.0;;;;;0;;;;;0.0;0.0;0.0;0.0;;;;;0;;;;;0.0;0.0;0.0;0.0;;;;
2020-02-29;100;0.7544;4.5556;7.3333;8.0909;43.0;82.0;88.0;89.0;1.2632;0.907;0.9556;0.7451;86;36.6667;16.7143;11.2;inf;20.5;85.0;6.8182;86.0;82.0;85.0;75.0;-4.5833;-42.0;-22.25;-13.5;12;inf;0.0;0.2;inf;12.0;0.0;2.0;12.0;-2.0;-1.0;-1.2857;inf;9;3.6667;1.5714;1.0;inf;inf;inf;8.0;9.0;9.0;9.0;8.0;-5.5;inf;inf;-9.0;2;0.0;0.0;1.0;inf;0.0;0.0;1.0;2.0;;-1.0;0.0;0.0;0;;;;;0.0;0.0;0.0;0.0;;;;;0;;;;;0.0;0.0;0.0;0.0;;;;;0;;;;;0.0;0.0;0.0;0.0;;;;
2020-03-01;130;0.3;2.4211;9.8333;10.8182;30.0;92.0;118.0;119.0;-0.3023;0.122;0.3409;0.3371;116;67.3333;33.1429;18.2;0.3488;3.8333;115.0;9.5455;30.0;92.0;115.0;105.0;-0.6512;0.122;0.3529;0.4;12;0.0;0.0;0.2;inf;0.0;0.0;2.0;12.0;-1.0;;0.0;0.0;9;6.0;2.8571;1.5333;0.0;3.5;inf;8.0;0.0;7.0;9.0;8.0;-1.0;-0.2222;0.0;0.0;2;0.0;0.0;1.0;inf;0.0;0.0;1.0;2.0;;;0.0;0.0;0;;;;;0.0;0.0;0.0;0.0;;;;;0;;;;;0.0;0.0;0.0;0.0;;;;;0;;;;;0.0;0.0;0.0;0.0;;;;
2020-03-02;191;0.4692;2.3509;14.9167;16.3636;61.0;134.0;179.0;180.0;1.0333;0.4565;0.5169;0.5126;0;67.3333;33.1429;17.4667;-1.0;;;-1.0;-116.0;0.0;0.0;-11.0;-4.8667;-1.0;-1.0;-1.1048;0;-1.0;;-1.0;;-12.0;0.0;-11.0;0.0;-inf;;-6.5;-1.0;0;6.0;2.8571;1.4667;-1.0;;;-1.0;-9.0;0.0;0.0;-1.0;-inf;-1.0;-1.0;-1.125;3;0.5;0.5;2.0;inf;1.0;1.0;2.0;3.0;inf;inf;1.0;0.5;0;;;;;0.0;0.0;0.0;0.0;;;;;0;;;;;0.0;0.0;0.0;0.0;;;;;0;;;;;0.0;0.0;0.0;0.0;;;;
2020-03-03;212;0.1099;1.12;14.1429;18.2727;21.0;112.0;198.0;201.0;-0.6557;-0.1642;0.1061;0.1167;0;38.6667;32.8571;16.8667;;-1.0;-1.0;-1.0;0.0;-86.0;-2.0;-9.0;-1.0;-inf;-inf;-0.1818;12;inf;0.0;0.0909;5.0;12.0;0.0;1.0;10.0;-2.0;;-1.0909;inf;0;3.0;2.8571;1.4;;-1.0;;-1.0;0.0;-9.0;0.0;-1.0;-1.0;-inf;;0.0;4;0.3333;1.0;3.0;inf;1.0;2.0;3.0;4.0;0.0;1.0;0.5;0.3333;0;;;;;0.0;0.0;0.0;0.0;;;;;0;;;;;0.0;0.0;0.0;0.0;;;;;0;;;;;0.0;0.0;0.0;0.0;;;;
2020-03-04;285;0.3443;1.1923;14.8333;24.9091;73.0;155.0;267.0;274.0;2.4762;0.3839;0.3485;0.3632;0;0.0;32.2857;16.3333;;-1.0;-1.0;-1.0;0.0;-116.0;-4.0;-8.0;;0.3488;1.0;-0.1111;0;-1.0;-1.0;-1.0;-1.0;-12.0;-12.0;-12.0;-3.0;-2.0;-inf;-13.0;-1.3;15;5.0;5.0;2.3333;inf;0.6667;inf;14.0;15.0;6.0;15.0;14.0;inf;-1.6667;inf;-15.0;4;0.0;1.0;1.0;inf;0.0;2.0;2.0;4.0;-1.0;0.0;-0.3333;0.0;0;;;;;0.0;0.0;0.0;0.0;;;;;0;;;;;0.0;0.0;0.0;0.0;;;;;0;;;;;0.0;0.0;0.0;0.0;;;;
2020-03-05;423;0.4842;1.2147;10.1316;34.25;138.0;232.0;385.0;411.0;0.8904;0.4968;0.4419;0.5;0;0.0;28.8571;15.8667;;;-1.0;-1.0;0.0;0.0;-24.0;-7.0;;-1.0;5.0;-0.125;0;;;-1.0;-1.0;0.0;0.0;-12.0;-4.0;-1.0;-1.0;0.0;0.3333;23;12.6667;8.0;3.8667;0.5333;inf;10.5;inf;8.0;23.0;21.0;23.0;-0.4667;2.8333;0.4;0.6429;7;0.75;1.3333;2.5;6.0;3.0;4.0;5.0;6.0;inf;1.0;1.5;0.5;0;;;;;0.0;0.0;0.0;0.0;;;;;0;;;;;0.0;0.0;0.0;0.0;;;;;0;;;;;0.0;0.0;0.0;0.0;;;;
2020-03-06;613;0.4492;1.8915;9.7544;50.0833;190.0;401.0;556.0;601.0;0.3768;0.7284;0.4442;0.4623;0;0.0;28.8571;15.8667;;;;;0.0;0.0;0.0;0.0;;;-1.0;-1.0;0;;-1.0;;;0.0;-12.0;0.0;0.0;;-inf;-1.0;-1.0;39;25.6667;13.5714;6.4667;0.6957;inf;inf;inf;16.0;39.0;39.0;39.0;1.0;0.6957;0.8571;0.6957;9;0.2857;1.25;3.5;8.0;2.0;5.0;7.0;8.0;-0.3333;0.25;0.4;0.3333;0;;;;;0.0;0.0;0.0;0.0;;;;;0;;;;;0.0;0.0;0.0;0.0;;;;;0;;;;;0.0;0.0;0.0;0.0;;;;
2020-03-07;949;0.5481;2.3298;8.49;78.0833;336.0;664.0;849.0;937.0;0.7684;0.6559;0.527;0.5591;0;0.0;16.5714;15.6;;;-1.0;-1.0;0.0;0.0;-86.0;-4.0;;;-inf;-inf;0;;;-1.0;-1.0;0.0;0.0;-12.0;-7.0;;-1.0;-inf;-inf;45;35.6667;18.7143;9.4667;0.1538;2.0;4.0;inf;6.0;30.0;36.0;45.0;-0.625;-0.2308;-0.0769;0.1538;16;0.7778;3.0;7.0;15.0;7.0;12.0;14.0;15.0;2.5;1.4;1.0;0.875;0;;;;;0.0;0.0;0.0;0.0;;;;;0;;;;;0.0;0.0;0.0;0.0;;;;;0;;;;;0.0;0.0;0.0;0.0;;;;
2020-03-09;1412;0.4879;2.3381;9.8615;116.6667;463.0;989.0;1282.0;1400.0;0.378;0.4895;0.51;0.4941;0;0.0;0.0;15.5333;;;-1.0;-1.0;0.0;0.0;-116.0;-1.0;;;0.3488;-0.75;0;;;-1.0;-1.0;0.0;0.0;-12.0;-10.0;;;0.0;0.4286;66;50.0;26.8571;13.8667;0.4667;1.8696;6.3333;inf;21.0;43.0;57.0;66.0;2.5;0.4333;0.5833;0.4667;25;0.5625;2.5714;11.5;24.0;9.0;18.0;23.0;24.0;0.2857;0.5;0.6429;0.6;0;;;;;0.0;0.0;0.0;0.0;;;;;0;;;;;0.0;0.0;0.0;0.0;;;;;0;;;;;0.0;0.0;0.0;0.0;;;;
2020-03-10;1784;0.2635;1.9103;8.3403;147.6667;372.0;1171.0;1593.0;1772.0;-0.1965;0.184;0.2426;0.2657;0;0.0;0.0;15.4667;;;;-1.0;0.0;0.0;0.0;-1.0;;;-1.0;0.0;0;;;;-1.0;0.0;0.0;0.0;-10.0;;;-1.0;0.0;86;65.6667;39.1429;19.6;0.303;1.2051;inf;inf;20.0;47.0;86.0;86.0;-0.0476;0.093;0.5088;0.303;33;0.32;2.6667;10.0;32.0;8.0;24.0;30.0;32.0;-0.1111;0.3333;0.3043;0.3333;0;;;;;0.0;0.0;0.0;0.0;;;;;0;;;;;0.0;0.0;0.0;0.0;;;;;0;;;;;0.0;0.0;0.0;0.0;;;;
2020-03-11;2281;0.2786;1.4036;9.7594;189.0833;497.0;1332.0;2069.0;2269.0;0.336;0.1375;0.2988;0.2805;0;0.0;0.0;15.4667;;;;;0.0;0.0;0.0;0.0;;;;-1.0;0;;;-1.0;-1.0;0.0;0.0;-12.0;-11.0;;;-inf;0.1;105;85.6667;54.1429;26.6;0.2209;1.3333;inf;inf;19.0;60.0;105.0;105.0;-0.05;0.2766;0.2209;0.2209;48;0.4545;2.0;11.0;47.0;15.0;32.0;44.0;47.0;0.875;0.3333;0.4667;0.4688;0;;;;;0.0;0.0;0.0;0.0;;;;;0;;;;;0.0;0.0;0.0;0.0;;;;;0;;;;;0.0;0.0;0.0;0.0;;;;
2020-03-12;2876;0.2609;1.0368;9.0912;204.4286;595.0;1464.0;2591.0;2862.0;0.1972;0.0991;0.2523;0.2613;0;0.0;0.0;15.3333;;;;-1.0;0.0;0.0;0.0;-2.0;;;;-inf;0;;;;-1.0;0.0;0.0;0.0;-11.0;;;-1.0;0.0;129;106.6667;70.4286;35.2;0.2286;0.9545;7.6;inf;24.0;63.0;114.0;129.0;0.2632;0.05;0.0857;0.2286;61;0.2708;1.44;14.25;60.0;13.0;36.0;57.0;60.0;-0.1333;0.125;0.2955;0.2766;0;;;;;0.0;0.0;0.0;0.0;;;;;0;;;;;0.0;0.0;0.0;0.0;;;;;0;;;;;0.0;0.0;0.0;0.0;;;;
2020-03-14;4500;0.5647;1.5224;9.6383;249.0;1624.0;2716.0;4077.0;4482.0;1.7294;0.8552;0.5735;0.566;0;0.0;0.0;15.0667;;;;-1.0;0.0;0.0;0.0;-4.0;;;;1.0;0;;;;-1.0;0.0;0.0;0.0;-12.0;;;;0.0909;300;178.0;110.0;55.2;1.3256;2.4884;12.0435;inf;171.0;214.0;277.0;300.0;6.125;2.3968;1.4298;1.3256;91;0.4918;1.7576;12.0;44.5;30.0;58.0;84.0;89.0;1.3077;0.6111;0.4737;0.4833;0;;;;;0.0;0.0;0.0;0.0;;;;;0;;;;;0.0;0.0;0.0;0.0;;;;;0;;;;;0.0;0.0;0.0;0.0;;;;
2020-03-15;5423;0.2051;1.3775;7.8467;141.7105;923.0;3142.0;4810.0;5385.0;-0.4317;0.1568;0.1798;0.2015;400;133.3333;57.1429;40.1333;inf;inf;inf;15.6667;400.0;400.0;400.0;376.0;inf;inf;inf;-95.0;0;;;;-1.0;0.0;0.0;0.0;-12.0;;;;0.0;0;143.0;104.4286;55.0667;-1.0;-1.0;-1.0;-1.0;-300.0;-105.0;-39.0;-2.0;-2.7544;-1.4907;-1.1408;-1.0067;127;0.3956;1.6458;13.1111;62.5;36.0;79.0;118.0;125.0;0.2;0.3621;0.4048;0.4045;0;;;;;0.0;0.0;0.0;0.0;;;;;0;;;;;0.0;0.0;0.0;0.0;;;;;0;;;;;0.0;0.0;0.0;0.0;;;;
2020-03-17;7730;0.4254;1.6878;7.1454;134.614;2307.0;4854.0;6781.0;7673.0;1.4995;0.5449;0.4098;0.4249;2579;993.0;425.5714;212.0667;5.4475;inf;inf;inf;2179.0;2579.0;2579.0;2579.0;4.4475;5.4475;5.4475;5.859;602;inf;inf;inf;inf;602.0;602.0;602.0;602.0;inf;inf;inf;-51.1667;699;333.0;197.8571;101.6667;inf;4.4186;14.5333;inf;699.0;570.0;654.0;699.0;-3.33;-6.4286;-17.7692;-350.5;175;0.378;1.8689;9.9375;86.5;48.0;114.0;159.0;173.0;0.3333;0.443;0.3475;0.384;0;;;;;0.0;0.0;0.0;0.0;;;;;0;;;;;0.0;0.0;0.0;0.0;;;;;0;;;;;0.0;0.0;0.0;0.0;;;;
2020-03-18;9134;0.1816;1.0298;5.4688;90.34;1404.0;4634.0;7722.0;9034.0;-0.3914;-0.0453;0.1388;0.1774;3626;2201.6667;943.5714;448.0667;0.406;inf;inf;41.1628;1047.0;3626.0;3626.0;3540.0;-0.5195;0.406;0.406;0.3726;1000;0.6611;inf;inf;82.3333;398.0;1000.0;1000.0;988.0;-0.3389;0.6611;0.6611;0.6412;931;543.3333;321.4286;163.1333;0.3319;2.1033;13.1061;102.4444;232.0;631.0;865.0;922.0;-0.6681;0.107;0.3226;0.319;264;0.5086;1.9011;9.56;131.0;89.0;173.0;239.0;262.0;0.8542;0.5175;0.5031;0.5145;0;;;;;0.0;0.0;0.0;0.0;;;;;0;;;;;0.0;0.0;0.0;0.0;;;;;0;;;;;0.0;0.0;0.0;0.0;;;;
2020-03-19;10995;0.2037;1.0275;5.1631;83.5769;1861.0;5572.0;9211.0;10865.0;0.3255;0.2024;0.1928;0.2027;4461;3555.3333;1580.8571;737.7333;0.2303;10.1525;inf;37.4569;835.0;4061.0;4461.0;4345.0;-0.2025;0.12;0.2303;0.2274;1300;0.3;inf;inf;107.3333;300.0;1300.0;1300.0;1288.0;-0.2462;0.3;0.3;0.3036;1122;917.3333;469.4286;237.3333;0.2052;inf;12.0465;123.6667;191.0;1122.0;1036.0;1113.0;-0.1767;0.7781;0.1977;0.2072;372;0.4091;1.9291;10.2727;185.0;108.0;245.0;339.0;370.0;0.2135;0.4162;0.4184;0.4122;0;;;;;0.0;0.0;0.0;0.0;;;;;0;;;;;0.0;0.0;0.0;0.0;;;;;0;;;;;0.0;0.0;0.0;0.0;;;;
2020-03-20;12612;0.1471;0.6316;4.5292;65.0314;1617.0;4882.0;10331.0;12421.0;-0.1311;-0.1238;0.1216;0.1432;5226;4437.6667;2327.4286;1086.1333;0.1715;1.0264;inf;inf;765.0;2647.0;5226.0;5226.0;-0.0838;-0.3482;0.1715;0.2028;1587;0.2208;1.6362;inf;inf;287.0;985.0;1587.0;1587.0;-0.0433;-0.2423;0.2208;0.2321;1297;1116.6667;639.7143;323.8;0.156;0.8555;11.3524;inf;175.0;598.0;1192.0;1297.0;-0.0838;-0.467;0.1506;0.1653;450;0.2097;1.5714;8.375;149.0;78.0;275.0;402.0;447.0;-0.2778;0.1224;0.1858;0.2081;0;;;;;0.0;0.0;0.0;0.0;;;;;0;;;;;0.0;0.0;0.0;0.0;;;;;0;;;;;0.0;0.0;0.0;0.0;;;;
2020-03-21;14459;0.1464;0.583;4.0275;67.2028;1847.0;5325.0;11583.0;14247.0;0.1422;0.0907;0.1212;0.147;6172;5286.3333;3209.1429;1497.6;0.181;0.7022;inf;inf;946.0;2546.0;6172.0;6172.0;0.2366;-0.0382;0.181;0.181;0;-1.0;-1.0;;-1.0;-1587.0;-1000.0;0.0;-12.0;-6.5296;-2.0152;-1.0;-1.0076;1525;1314.6667;839.1429;425.4667;0.1758;0.638;10.8217;inf;228.0;594.0;1396.0;1525.0;0.3029;-0.0067;0.1711;0.1758;562;0.2489;1.1288;8.2131;139.5;112.0;298.0;501.0;558.0;0.4359;0.0836;0.2463;0.2483;0;;;;;0.0;0.0;0.0;0.0;;;;;0;;;;;0.0;0.0;0.0;0.0;;;;;0;;;;;0.0;0.0;0.0;0.0;;;;
2020-03-22;16689;0.1542;0.5179;2.7087;57.5579;2230.0;5694.0;12189.0;16404.0;0.2074;0.0693;0.0523;0.1514;7240;6212.6667;4243.4286;1980.2667;0.173;0.623;inf;inf;1068.0;2779.0;7240.0;7240.0;0.129;0.0915;0.173;0.173;2200;inf;0.6923;inf;inf;2200.0;900.0;2200.0;2200.0;-2.3863;-1.9;inf;-184.3333;1746;1522.6667;1045.7143;540.8667;0.1449;0.5561;4.82;115.4;221.0;624.0;1446.0;1731.0;-0.0307;0.0505;0.0358;0.1351;674;0.1993;0.8118;6.4066;167.5;112.0;302.0;583.0;670.0;0.0;0.0134;0.1637;0.2007;0;;;;;0.0;0.0;0.0;0.0;;;;;0;;;;;0.0;0.0;0.0;0.0;;;;;0;;;;;0.0;0.0;0.0;0.0;;;;
2020-03-23;19856;0.1898;0.5744;2.6614;45.9409;3167.0;7244.0;14433.0;19433.0;0.4202;0.2722;0.1841;0.1847;8675;7362.3333;5425.5714;2558.6;0.1982;0.66;20.6875;inf;1435.0;3449.0;8275.0;8675.0;0.3436;0.2411;0.143;0.1982;0;-1.0;-1.0;;;-2200.0;-1587.0;0.0;0.0;-2.0;-2.7633;-1.0;-1.0;2082;1784.3333;1343.1429;678.1333;0.1924;0.6052;inf;89.5217;336.0;785.0;2082.0;2059.0;0.5204;0.258;0.4398;0.1895;860;0.276;0.9111;5.7717;121.8571;186.0;410.0;733.0;853.0;0.6607;0.3576;0.2573;0.2731;0;;;;;0.0;0.0;0.0;0.0;;;;;0;;;;;0.0;0.0;0.0;0.0;;;;;0;;;;;0.0;0.0;0.0;0.0;;;;
2020-03-24;22302;0.1232;0.5424;1.8851;35.3817;2446.0;7843.0;14572.0;21689.0;-0.2277;0.0827;0.0096;0.1161;10176;8697.0;6510.8571;3237.0;0.173;0.6487;2.9457;inf;1501.0;4004.0;7597.0;10176.0;0.046;0.1609;-0.0819;0.173;3281;inf;inf;4.4502;inf;3281.0;3281.0;2679.0;3281.0;-2.4914;-3.0674;inf;inf;2516;2114.6667;1602.7143;843.2667;0.2085;0.6498;2.5994;63.5128;434.0;991.0;1817.0;2477.0;0.2917;0.2624;-0.1273;0.203;1100;0.2791;0.9573;5.2857;121.2222;240.0;538.0;925.0;1091.0;0.2903;0.3122;0.2619;0.279;0;;;;;0.0;0.0;0.0;0.0;;;;;0;;;;;0.0;0.0;0.0;0.0;;;;;0;;;;;0.0;0.0;0.0;0.0;;;;
2020-03-25;25233;0.1314;0.512;1.7625;25.589;2931.0;8544.0;16099.0;24284.0;0.1983;0.0894;0.1048;0.1196;11539;10130.0;7641.2857;4006.2667;0.1339;0.5938;2.1823;inf;1363.0;4299.0;7913.0;11539.0;-0.0919;0.0737;0.0416;0.1339;3900;0.1887;0.7727;2.9;inf;619.0;1700.0;2900.0;3900.0;-0.8113;-0.4819;0.0825;0.1887;2827;2475.0;1873.5714;1028.7333;0.1236;0.6191;2.0365;61.8222;311.0;1081.0;1896.0;2782.0;-0.2834;0.0908;0.0435;0.1231;1331;0.21;0.9748;4.0417;82.1875;231.0;657.0;1067.0;1315.0;-0.0375;0.2212;0.1535;0.2053;0;;;;;0.0;0.0;0.0;0.0;;;;;0;;;;;0.0;0.0;0.0;0.0;;;;;0;;;;;0.0;0.0;0.0;0.0;;;;
2020-03-26;29155;0.1554;0.4683;1.6517;19.648;3922.0;9299.0;18160.0;27743.0;0.3381;0.0884;0.128;0.1424;13904;11873.0;8990.2857;4933.2;0.205;0.6028;2.1168;inf;2365.0;5229.0;9443.0;13904.0;0.7351;0.2163;0.1934;0.205;4948;0.2687;inf;2.8062;inf;1048.0;4948.0;3648.0;4948.0;0.6931;1.9106;0.2579;0.2687;3375;2906.0;2195.4286;1249.3333;0.1938;0.621;2.008;50.1364;548.0;1293.0;2253.0;3309.0;0.7621;0.1961;0.1883;0.1894;1696;0.2742;0.9721;3.5591;66.84;365.0;836.0;1324.0;1671.0;0.5801;0.2725;0.2409;0.2707;0;;;;;0.0;0.0;0.0;0.0;;;;;0;;;;;0.0;0.0;0.0;0.0;;;;;0;;;;;0.0;0.0;0.0;0.0;;;;
2020-03-27;32964;0.1306;0.4781;1.6137;17.4776;3809.0;10662.0;20352.0;31180.0;-0.0288;0.1466;0.1207;0.1239;15732;13725.0;10491.1429;5982.0;0.1315;0.546;2.0103;inf;1828.0;5556.0;10506.0;15732.0;-0.2271;0.0625;0.1126;0.1315;0;-1.0;-1.0;-1.0;;-4948.0;-3281.0;-1587.0;0.0;-5.7214;-1.6631;-1.435;-1.0;3787;3329.6667;2551.1429;1496.0667;0.1221;0.5052;1.9198;43.0349;412.0;1271.0;2490.0;3701.0;-0.2482;-0.017;0.1052;0.1185;1995;0.1763;0.8136;3.4333;59.4545;299.0;895.0;1545.0;1962.0;-0.1808;0.0706;0.1669;0.1741;0;;;;;0.0;0.0;0.0;0.0;;;;;0;;;;;0.0;0.0;0.0;0.0;;;;;0;;;;;0.0;0.0;0.0;0.0;;;;
2020-03-28;37575;0.1399;0.4891;1.5987;15.473;4611.0;12342.0;23116.0;35294.0;0.2106;0.1576;0.1358;0.1319;17620;15752.0;12126.5714;7156.6667;0.12;0.527;1.8548;inf;1888.0;6081.0;11448.0;17620.0;0.0328;0.0945;0.0897;0.12;0;;-1.0;;;0.0;-3900.0;0.0;0.0;-1.0;0.1887;-1.0;;4273;3811.6667;2943.7143;1773.9333;0.1283;0.5115;1.802;39.6952;486.0;1446.0;2748.0;4168.0;0.1796;0.1377;0.1036;0.1262;2314;0.1599;0.7385;3.1174;47.2083;319.0;983.0;1752.0;2266.0;0.0669;0.0983;0.134;0.1549;0;;;;;0.0;0.0;0.0;0.0;;;;;0;;;;;0.0;0.0;0.0;0.0;;;;;0;;;;;0.0;0.0;0.0;0.0;;;;
2020-03-29;40174;0.0692;0.3779;1.4072;12.9687;2599.0;11019.0;23485.0;37298.0;-0.4363;-0.1072;0.016;0.0568;19354;17568.6667;13857.1429;8446.9333;0.0984;0.392;1.6732;inf;1734.0;5450.0;12114.0;19354.0;-0.0816;-0.1038;0.0582;0.0984;0;;-1.0;-1.0;;0.0;-4948.0;-2200.0;0.0;;0.2687;-inf;;4632;4230.6667;3356.0;2074.1333;0.084;0.3724;1.6529;34.907;359.0;1257.0;2886.0;4503.0;-0.2613;-0.1307;0.0502;0.0804;2606;0.1262;0.5366;2.8665;41.7213;292.0;910.0;1932.0;2545.0;-0.0846;-0.0743;0.1027;0.1231;0;;;;;0.0;0.0;0.0;0.0;;;;;0;;;;;0.0;0.0;0.0;0.0;;;;;0;;;;;0.0;0.0;0.0;0.0;;;;
2020-03-30;44550;0.1089;0.3515;1.2437;8.9;4376.0;11586.0;24694.0;40050.0;0.6837;0.0515;0.0515;0.0738;21008;19327.3333;15619.0;9847.4667;0.0855;0.3354;1.4217;inf;1654.0;5276.0;12333.0;21008.0;-0.0461;-0.0319;0.0181;0.0855;7924;inf;inf;inf;inf;7924.0;7924.0;7924.0;7924.0;inf;-2.6015;-4.6018;inf;5107;4670.6667;3788.1429;2394.6;0.1025;0.3486;1.4529;16.0233;475.0;1320.0;3025.0;4807.0;0.3231;0.0501;0.0482;0.0675;3024;0.1604;0.5158;2.5163;32.2308;418.0;1029.0;2164.0;2933.0;0.4315;0.1308;0.1201;0.1525;0;;;;;0.0;0.0;0.0;0.0;;;;;0;;;;;0.0;0.0;0.0;0.0;;;;;0;;;;;0.0;0.0;0.0;0.0;;;;
2020-03-31;52128;0.1701;0.3873;1.3374;8.6124;7578.0;14553.0;29826.0;46705.0;0.7317;0.2561;0.2078;0.1662;22757;21039.6667;17416.2857;11337.9333;0.0833;0.2915;1.2363;55.8925;1749.0;5137.0;12581.0;22357.0;0.0574;-0.0263;0.0201;0.0642;9444;0.1918;inf;1.8784;inf;1520.0;9444.0;6163.0;9444.0;-0.8082;0.1918;-0.2222;0.1918;5565;5101.3333;4223.7143;2765.6;0.0897;0.3024;1.2118;inf;458.0;1292.0;3049.0;5565.0;-0.0358;-0.0212;0.0079;0.1577;3523;0.165;0.5225;2.2027;26.7402;499.0;1209.0;2423.0;3396.0;0.1938;0.1749;0.1197;0.1579;0;;;;;0.0;0.0;0.0;0.0;;;;;0;;;;;0.0;0.0;0.0;0.0;;;;;0;;;;;0.0;0.0;0.0;0.0;;;;
2020-04-01;56989;0.0933;0.4186;1.2585;6.3724;4861.0;16815.0;31756.0;49259.0;-0.3585;0.1554;0.0647;0.0547;24639;22801.3333;19287.7143;12808.6;0.0827;0.2731;1.1353;8.5537;1882.0;5285.0;13100.0;22060.0;0.076;0.0288;0.0413;-0.0133;10935;0.1579;inf;1.8038;17.1645;1491.0;10935.0;7035.0;10333.0;-0.0191;0.1579;0.1415;0.0941;6017;5563.0;4679.4286;3120.1333;0.0812;0.299;1.1284;7.608;452.0;1385.0;3190.0;5318.0;-0.0131;0.072;0.0462;-0.0444;4032;0.1445;0.5472;2.0293;22.04;509.0;1426.0;2701.0;3857.0;0.02;0.1795;0.1147;0.1357;0;;;;;0.0;0.0;0.0;0.0;;;;;0;;;;;0.0;0.0;0.0;0.0;;;;;371;inf;inf;inf;inf;371.0;371.0;371.0;371.0;inf;inf;inf;inf
2020-04-02;59105;0.0371;0.3267;1.0273;5.4709;2116.0;14555.0;29950.0;49971.0;-0.5647;-0.1344;-0.0569;0.0145;26246;24547.3333;21050.8571;14316.6;0.0652;0.2493;0.8877;6.2383;1607.0;5238.0;12342.0;22620.0;-0.1461;-0.0089;-0.0579;0.0254;12428;0.1365;0.5684;1.5117;11.428;1493.0;4504.0;7480.0;11428.0;0.0013;-0.5881;0.0633;0.106;6399;5993.6667;5111.4286;3484.6667;0.0635;0.253;0.896;5.8733;382.0;1292.0;3024.0;5468.0;-0.1549;-0.0671;-0.052;0.0282;4503;0.1168;0.4891;1.6551;16.0568;471.0;1479.0;2807.0;4239.0;-0.0747;0.0372;0.0392;0.099;0;;;;;0.0;0.0;0.0;0.0;;;;;0;;;;;0.0;0.0;0.0;0.0;;;;;884;1.3827;inf;inf;inf;513.0;884.0;884.0;884.0;0.3827;1.3827;1.3827;1.3827
2020-04-03;64338;0.0885;0.2342;0.9518;4.8516;5233.0;12210.0;31374.0;53343.0;1.4731;-0.1611;0.0475;0.0675;27432;26105.6667;22722.2857;15848.0;0.0452;0.2054;0.7437;5.1493;1186.0;4675.0;11700.0;22971.0;-0.262;-0.1075;-0.052;0.0155;14008;0.1271;0.4833;inf;9.7754;1580.0;4564.0;14008.0;12708.0;0.0583;0.0133;0.8727;0.112;6662;6359.3333;5522.1429;3854.0;0.0411;0.1971;0.7592;4.9376;263.0;1097.0;2875.0;5540.0;-0.3115;-0.1509;-0.0493;0.0132;5091;0.1306;0.4451;1.5519;12.6855;588.0;1568.0;3096.0;4719.0;0.2484;0.0602;0.103;0.1132;0;;;;;0.0;0.0;0.0;0.0;;;;;0;;;;;0.0;0.0;0.0;0.0;;;;;1416;0.6018;inf;inf;inf;532.0;1416.0;1416.0;1416.0;0.037;0.6018;0.6018;0.6018
2020-04-04;68605;0.0663;0.2038;0.8258;4.4397;4267.0;11616.0;31030.0;55993.0;-0.1846;-0.0486;-0.011;0.0497;28143;27273.6667;24225.5714;17375.8;0.0259;0.1422;0.5972;4.3852;711.0;3504.0;10523.0;22917.0;-0.4005;-0.2505;-0.1006;-0.0024;15438;0.1021;0.4118;inf;8.7278;1430.0;4503.0;15438.0;13851.0;-0.0949;-0.0134;0.1021;0.0899;6838;6633.0;5888.5714;4223.4;0.0264;0.1364;0.6003;4.2722;176.0;821.0;2565.0;5541.0;-0.3308;-0.2516;-0.1078;0.0002;5532;0.0866;0.372;1.3907;11.2933;441.0;1500.0;3218.0;5082.0;-0.25;-0.0434;0.0394;0.0769;0;;;;;0.0;0.0;0.0;0.0;;;;;0;;;;;0.0;0.0;0.0;0.0;;;;;2028;0.4322;4.4663;inf;inf;612.0;1657.0;2028.0;2028.0;0.1504;0.1702;0.4322;0.4322
2020-04-05;70478;0.0273;0.1924;0.7543;3.8743;1873.0;11373.0;30304.0;56019.0;-0.561;-0.0209;-0.0234;0.0005;28891;28155.3333;25588.0;18890.4;0.0266;0.1008;0.4928;3.681;748.0;2645.0;9537.0;22719.0;0.052;-0.2451;-0.0937;-0.0086;16183;0.0483;0.3021;inf;inf;745.0;3755.0;16183.0;16183.0;-0.479;-0.1661;0.0483;0.1684;6978;6826.0;6223.7143;4586.9333;0.0205;0.0905;0.5065;3.5757;140.0;579.0;2346.0;5453.0;-0.2045;-0.2948;-0.0854;-0.0159;5889;0.0645;0.3078;1.2598;9.4786;357.0;1386.0;3283.0;5327.0;-0.1905;-0.076;0.0202;0.0482;0;;;;;0.0;0.0;0.0;0.0;;;;;0;;;;;0.0;0.0;0.0;0.0;;;;;2189;0.0794;1.4762;inf;inf;161.0;1305.0;2189.0;2189.0;-0.7369;-0.2124;0.0794;0.0794
2020-04-06;74390;0.0555;0.1562;0.6698;3.4574;3912.0;10052.0;29840.0;57701.0;1.0886;-0.1162;-0.0153;0.03;29722;28918.6667;26832.8571;20389.2;0.0288;0.0835;0.4148;3.1052;831.0;2290.0;8714.0;22482.0;0.111;-0.1342;-0.0863;-0.0104;17250;0.0659;0.2314;1.1769;6.8409;1067.0;3242.0;9326.0;15050.0;0.4322;-0.1366;-0.4237;-0.07;7072;6962.6667;6504.4286;4942.0;0.0135;0.0615;0.3848;3.0504;94.0;410.0;1965.0;5326.0;-0.3286;-0.2919;-0.1624;-0.0233;6494;0.1027;0.2756;1.1475;8.635;605.0;1403.0;3470.0;5820.0;0.6947;0.0123;0.057;0.0925;0;;;;;0.0;0.0;0.0;0.0;;;;;0;;;;;0.0;0.0;0.0;0.0;;;;;2417;0.1042;0.7069;inf;inf;228.0;1001.0;2417.0;2417.0;0.4161;-0.233;0.1042;0.1042
2020-04-07;78167;0.0508;0.1394;0.4995;2.9367;3777.0;9562.0;26039.0;58311.0;-0.0345;-0.0487;-0.1274;0.0106;30027;29546.6667;27871.4286;21812.6667;0.0103;0.0669;0.3195;2.4613;305.0;1884.0;7270.0;21352.0;-0.633;-0.1773;-0.1657;-0.0503;19337;0.121;0.2526;1.0475;inf;2087.0;3899.0;9893.0;19337.0;0.956;0.2027;0.0608;0.2849;7131;7060.3333;6728.1429;5278.6;0.0083;0.0428;0.2814;2.4251;59.0;293.0;1566.0;5049.0;-0.3723;-0.2854;-0.2031;-0.052;7091;0.0919;0.2818;1.0128;7.2453;597.0;1559.0;3568.0;6231.0;-0.0132;0.1112;0.0282;0.0706;0;;;;;0.0;0.0;0.0;0.0;;;;;0;;;;;0.0;0.0;0.0;0.0;;;;;3237;0.3393;0.5962;inf;inf;820.0;1209.0;3237.0;3237.0;2.5965;0.2078;0.3393;0.3393
2020-04-08;82048;0.0497;0.1642;0.4397;2.679;3881.0;11570.0;25059.0;59746.0;0.0275;0.21;-0.0376;0.0246;30375;30041.3333;28690.8571;23159.2667;0.0116;0.0514;0.2328;1.985;348.0;1484.0;5736.0;20199.0;0.141;-0.2123;-0.211;-0.054;21254;0.0991;0.3134;0.9437;5.4779;1917.0;5071.0;10319.0;17973.0;-0.0815;0.3006;0.0431;-0.0705;7148;7117.0;6889.7143;5587.4;0.0024;0.0244;0.188;1.841;17.0;170.0;1131.0;4632.0;-0.7119;-0.4198;-0.2778;-0.0826;7632;0.0763;0.296;0.8929;5.9382;541.0;1743.0;3600.0;6532.0;-0.0938;0.118;0.009;0.0483;0;;;;;0.0;0.0;0.0;0.0;;;;;0;;;;;0.0;0.0;0.0;0.0;;;;;3237;0.0;0.4788;7.7251;inf;0.0;1048.0;2866.0;3237.0;-1.0;-0.1332;-0.1146;0.0
2020-04-09;86334;0.0522;0.1606;0.4607;2.4215;4286.0;11944.0;27229.0;61101.0;0.1044;0.0323;0.0866;0.0227;30767;30389.6667;29336.7143;24441.1333;0.0129;0.0352;0.1723;1.6663;392.0;1045.0;4521.0;19228.0;0.1264;-0.2958;-0.2118;-0.0481;23206;0.0918;0.3453;0.8672;4.9503;1952.0;5956.0;10778.0;19306.0;0.0183;0.1745;0.0445;0.0742;7066;7115.0;6985.0;5870.0;-0.0115;-0.0008;0.1042;1.4995;-82.0;-6.0;667.0;4239.0;-5.8235;-1.0353;-0.4103;-0.0848;8044;0.054;0.2387;0.7864;5.0436;412.0;1550.0;3541.0;6713.0;-0.2384;-0.1107;-0.0164;0.0277;0;;;;;0.0;0.0;0.0;0.0;;;;;0;;;;;0.0;0.0;0.0;0.0;;;;;4166;0.287;0.7236;3.7127;inf;929.0;1749.0;3282.0;4166.0;inf;0.6689;0.1452;0.287
2020-04-10;90676;0.0503;0.16;0.4094;2.1101;4342.0;12509.0;26338.0;61521.0;0.0131;0.0473;-0.0327;0.0069;31267;30803.0;29884.5714;25598.6667;0.0163;0.0413;0.1398;1.2488;500.0;1240.0;3835.0;17363.0;0.2755;0.1866;-0.1517;-0.097;24932;0.0744;0.2893;0.7798;4.0388;1726.0;5595.0;10924.0;19984.0;-0.1158;-0.0606;0.0135;0.0351;7004;7072.6667;7033.8571;6111.9333;-0.0088;-0.0178;0.0513;1.0753;-62.0;-127.0;342.0;3629.0;-0.2439;20.1667;-0.4873;-0.1439;8598;0.0689;0.2125;0.6889;4.0696;554.0;1507.0;3507.0;6902.0;0.3447;-0.0277;-0.0096;0.0282;0;;;;;0.0;0.0;0.0;0.0;;;;;0;;;;;0.0;0.0;0.0;0.0;;;;;4599;0.1039;0.4208;2.2479;inf;433.0;1362.0;3183.0;4599.0;-0.5339;-0.2213;-0.0302;0.1039
2020-04-11;93790;0.0343;0.1431;0.3671;1.8452;3114.0;11742.0;25185.0;60826.0;-0.2828;-0.0613;-0.0438;-0.0113;31320;31118.0;30338.4286;26637.8667;0.0017;0.0311;0.1129;0.9908;53.0;945.0;3177.0;15588.0;-0.894;-0.2379;-0.1716;-0.1022;26391;0.0585;0.2417;0.7095;inf;1459.0;5137.0;10953.0;26391.0;-0.1547;-0.0819;0.0027;0.3206;6883;6984.3333;7040.2857;6318.3333;-0.0173;-0.0371;0.0066;0.8175;-121.0;-265.0;45.0;3096.0;0.9516;1.0866;-0.8684;-0.1469;8943;0.0401;0.1718;0.6166;3.4827;345.0;1311.0;3411.0;6948.0;-0.3773;-0.1301;-0.0274;0.0067;0;;;;;0.0;0.0;0.0;0.0;;;;;0;;;;;0.0;0.0;0.0;0.0;;;;;4889;0.0631;0.5103;1.4107;inf;290.0;1652.0;2861.0;4889.0;-0.3303;0.2129;-0.1012;0.0631
2020-04-12;95403;0.0172;0.105;0.3537;1.539;1613.0;9069.0;24925.0;57828.0;-0.482;-0.2276;-0.0103;-0.0493;31826;31471.0;30757.7143;27584.9333;0.0162;0.0344;0.1016;0.8062;506.0;1059.0;2935.0;14206.0;8.5472;0.1206;-0.0762;-0.0887;27186;0.0301;0.1715;0.6799;inf;795.0;3980.0;11003.0;27186.0;-0.4551;-0.2252;0.0046;0.0301;6845;6910.6667;7021.2857;6489.8;-0.0055;-0.0313;-0.0191;0.6019;-38.0;-221.0;-133.0;2572.0;-0.686;-0.166;-3.9556;-0.1693;9253;0.0347;0.1503;0.5712;2.9987;310.0;1209.0;3364.0;6939.0;-0.1014;-0.0778;-0.0138;-0.0013;37188;inf;inf;inf;inf;37188.0;37188.0;37188.0;37188.0;inf;inf;inf;inf;11958;inf;inf;inf;inf;11958.0;11958.0;11958.0;11958.0;inf;inf;inf;inf;5140;0.0513;0.2338;1.3481;inf;251.0;974.0;2951.0;5140.0;-0.1345;-0.4104;0.0315;0.0513
2020-04-13;98076;0.028;0.0816;0.3184;1.4413;2673.0;7400.0;23686.0;57902.0;0.6572;-0.184;-0.0497;0.0013;32113;31753.0;31099.2857;28435.5333;0.009;0.0271;0.0804;0.6592;287.0;846.0;2391.0;12759.0;-0.4328;-0.2011;-0.1853;-0.1019;27718;0.0196;0.1117;0.6068;inf;532.0;2786.0;10468.0;27718.0;-0.3308;-0.3;-0.0486;0.0196;6821;6849.6667;6985.4286;6635.7333;-0.0035;-0.0261;-0.0355;0.4726;-24.0;-183.0;-251.0;2189.0;-0.3684;-0.1719;0.8872;-0.1489;9588;0.0362;0.1151;0.4764;2.6792;335.0;990.0;3094.0;6982.0;0.0806;-0.1811;-0.0803;0.0062;38703;0.0407;inf;inf;inf;1515.0;38703.0;38703.0;38703.0;-0.9593;0.0407;0.0407;0.0407;12481;0.0437;inf;inf;inf;523.0;12481.0;12481.0;12481.0;-0.9563;0.0437;0.0437;0.0437;5379;0.0465;0.1696;1.2255;inf;239.0;780.0;2962.0;5379.0;-0.0478;-0.1992;0.0037;0.0465
2020-04-14;103573;0.056;0.1043;0.325;1.3249;5497.0;9783.0;25406.0;59023.0;1.0565;0.322;0.0726;0.0194;32292;32077.0;31422.8571;29187.8;0.0056;0.031;0.0754;0.5371;179.0;972.0;2265.0;11284.0;-0.3763;0.1489;-0.0527;-0.1156;28805;0.0392;0.0915;0.4896;2.6352;1087.0;2414.0;9468.0;20881.0;1.0432;-0.1335;-0.0955;-0.2467;6730;6798.6667;6928.1429;6743.9333;-0.0133;-0.0222;-0.0562;0.3178;-91.0;-153.0;-401.0;1623.0;2.7917;-0.1639;0.5976;-0.2586;10129;0.0564;0.1326;0.4284;2.3495;541.0;1186.0;3038.0;7105.0;0.6149;0.198;-0.0181;0.0176;39730;0.0265;inf;inf;inf;1027.0;39730.0;39730.0;39730.0;-0.3221;0.0265;0.0265;0.0265;13050;0.0456;inf;inf;inf;569.0;13050.0;13050.0;13050.0;0.088;0.0456;0.0456;0.0456;5600;0.0411;0.1454;0.73;inf;221.0;711.0;2363.0;5600.0;-0.0753;-0.0885;-0.2022;0.0411
2020-04-15;106206;0.0254;0.1132;0.2944;1.0374;2633.0;10803.0;24158.0;54078.0;-0.521;0.1043;-0.0491;-0.0838;31779;32061.3333;31623.4286;29789.2667;-0.0159;-0.0015;0.0462;0.3964;-513.0;-47.0;1404.0;9022.0;-3.8659;-1.0484;-0.3801;-0.2005;30995;0.076;0.1401;0.4583;2.282;2190.0;3809.0;9741.0;21551.0;1.0147;0.5779;0.0288;0.0321;6457;6669.3333;6829.4286;6803.4;-0.0406;-0.0567;-0.0967;0.1603;-273.0;-388.0;-691.0;892.0;2.0;1.5359;0.7232;-0.4504;10643;0.0507;0.1502;0.3945;2.021;514.0;1390.0;3011.0;7120.0;-0.0499;0.172;-0.0089;0.0021;41657;0.0485;0.1202;inf;inf;1927.0;4469.0;41657.0;41657.0;0.8763;-0.8875;0.0485;0.0485;14393;0.1029;0.2036;inf;inf;1343.0;2435.0;14393.0;14393.0;1.3603;-0.8134;0.1029;0.1029;6524;0.165;0.2693;1.0154;inf;924.0;1384.0;3287.0;6524.0;3.181;0.9466;0.391;0.165
2020-04-16;108847;0.0249;0.1098;0.2608;0.91;2641.0;10771.0;22513.0;51858.0;0.003;-0.003;-0.0681;-0.0411;31305;31792.0;31700.2857;30233.6667;-0.0149;-0.0252;0.0175;0.2705;-474.0;-808.0;538.0;6666.0;-0.076;16.1915;-0.6168;-0.2611;32812;0.0586;0.1838;0.4139;2.0006;1817.0;5094.0;9606.0;21877.0;-0.1703;0.3374;-0.0139;0.0151;6248;6478.3333;6712.5714;6818.8;-0.0324;-0.084;-0.1158;0.0384;-209.0;-573.0;-818.0;231.0;-0.2344;0.4768;0.1838;-0.741;11060;0.0392;0.1535;0.3749;1.7431;417.0;1472.0;3016.0;7028.0;-0.1887;0.059;0.0017;-0.0129;56180;0.3486;0.4516;inf;inf;14523.0;17477.0;56180.0;56180.0;6.5366;2.9107;0.3486;0.3486;18967;0.3178;0.5197;inf;inf;4574.0;6486.0;18967.0;18967.0;2.4058;1.6637;0.3178;0.3178;6860;0.0515;0.2753;0.6467;17.4906;336.0;1481.0;2694.0;6489.0;-0.6364;0.0701;-0.1804;-0.0054
2020-04-17;109252;0.0037;0.0548;0.2049;0.8484;405.0;5679.0;18576.0;50147.0;-0.8466;-0.4728;-0.1749;-0.033;31190;31424.6667;31689.2857;30563.2667;-0.0037;-0.0341;-0.0025;0.1884;-115.0;-1102.0;-77.0;4944.0;-0.7574;0.3639;-1.1431;-0.2583;34420;0.049;0.1949;0.3806;1.7696;1608.0;5615.0;9488.0;21992.0;-0.115;0.1023;-0.0123;0.0053;6027;6244.0;6573.0;6794.0;-0.0354;-0.1045;-0.1395;-0.0581;-221.0;-703.0;-977.0;-372.0;0.0574;0.2269;0.1944;-2.6104;11478;0.0378;0.1332;0.335;1.549;418.0;1349.0;2880.0;6975.0;0.0024;-0.0836;-0.0451;-0.0075;58989;0.05;0.4847;inf;inf;2809.0;19259.0;58989.0;58989.0;-0.8066;0.102;0.05;0.05;20272;0.0688;0.5534;inf;inf;1305.0;7222.0;20272.0;20272.0;-0.7147;0.1135;0.0688;0.0688;7203;0.05;0.2862;0.5662;7.1482;343.0;1603.0;2604.0;6319.0;0.0208;0.0824;-0.0334;-0.0262
2020-04-18;111821;0.0235;0.0529;0.1922;0.738;2569.0;5615.0;18031.0;47483.0;5.3432;-0.0113;-0.0293;-0.0531;30639;31044.6667;31592.0;30777.0667;-0.0177;-0.0359;-0.0217;0.1169;-551.0;-1140.0;-681.0;3207.0;3.7913;0.0345;7.8442;-0.3513;35983;0.0454;0.1609;0.3635;1.5687;1563.0;4988.0;9592.0;21975.0;-0.028;-0.1117;0.011;-0.0008;5833;6036.0;6423.0;6738.7333;-0.0322;-0.0966;-0.1525;-0.1244;-194.0;-624.0;-1050.0;-829.0;-0.1222;-0.1124;0.0747;1.2285;11842;0.0317;0.1127;0.3242;1.3261;364.0;1199.0;2899.0;6751.0;-0.1292;-0.1112;0.0066;-0.0321;62135;0.0533;0.4916;inf;inf;3146.0;20478.0;62135.0;62135.0;0.12;0.0633;0.0533;0.0533;22163;0.0933;0.5398;inf;inf;1891.0;7770.0;22163.0;22163.0;0.449;0.0759;0.0933;0.0933;7481;0.0386;0.1467;0.5302;4.2832;278.0;957.0;2592.0;6065.0;-0.1895;-0.403;-0.0046;-0.0402
2020-04-19;112606;0.007;0.0345;0.1803;0.6414;785.0;3759.0;17203.0;44001.0;-0.6944;-0.3305;-0.0459;-0.0733;30610;30813.0;31418.2857;30941.5333;-0.0009;-0.0222;-0.0382;0.0877;-29.0;-695.0;-1216.0;2467.0;-0.9474;-0.3904;0.7856;-0.2307;36578;0.0165;0.1148;0.3455;1.3693;595.0;3766.0;9392.0;21140.0;-0.6193;-0.245;-0.0209;-0.038;5744;5868.0;6265.7143;6665.8;-0.0153;-0.0807;-0.1608;-0.16;-89.0;-504.0;-1101.0;-1094.0;-0.5412;-0.1923;0.0486;0.3197;12069;0.0192;0.0912;0.3043;1.1817;227.0;1009.0;2816.0;6537.0;-0.3764;-0.1585;-0.0286;-0.0317;63336;0.0193;0.1274;0.7031;inf;1201.0;7156.0;26148.0;63336.0;-0.6182;-0.6506;-0.5792;0.0193;23048;0.0399;0.2152;0.9274;inf;885.0;4081.0;11090.0;23048.0;-0.532;-0.4748;-0.4996;0.0399;7649;0.0225;0.115;0.4881;2.7717;168.0;789.0;2509.0;5621.0;-0.3957;-0.1755;-0.032;-0.0732
2020-04-20;114657;0.0182;0.0495;0.1691;0.6268;2051.0;5405.0;16581.0;44179.0;1.6127;0.4379;-0.0362;0.004;30584;30611.0;31199.8571;31054.4;-0.0008;-0.0194;-0.0476;0.0586;-26.0;-606.0;-1529.0;1693.0;-0.1034;-0.1281;0.2574;-0.3137;37409;0.0227;0.0868;0.3496;1.3116;831.0;2989.0;9691.0;21226.0;0.3966;-0.2063;0.0318;0.0041;5683;5753.3333;6103.1429;6579.4667;-0.0106;-0.0571;-0.1668;-0.1856;-61.0;-344.0;-1138.0;-1295.0;-0.3146;-0.3175;0.0336;0.1837;12513;0.0368;0.0902;0.3051;1.1248;444.0;1035.0;2925.0;6624.0;0.9559;0.0258;0.0387;0.0133;64117;0.0123;0.0869;0.6566;inf;781.0;5128.0;25414.0;64117.0;-0.3497;-0.2834;-0.0281;0.0123;23668;0.0269;0.1675;0.8963;inf;620.0;3396.0;11187.0;23668.0;-0.2994;-0.1679;0.0087;0.0269;7752;0.0135;0.0762;0.4412;2.5413;103.0;549.0;2373.0;5563.0;-0.3869;-0.3042;-0.0542;-0.0103
2020-04-21;117324;0.0233;0.0492;0.1328;0.5771;2667.0;5503.0;13751.0;42934.0;0.3003;0.0181;-0.1707;-0.0282;30106;30433.3333;30887.5714;31080.0;-0.0156;-0.0174;-0.0677;0.0129;-478.0;-533.0;-2186.0;384.0;17.3846;-0.1205;0.4297;-0.7732;39181;0.0474;0.0889;0.3602;1.2714;1772.0;3198.0;10376.0;21931.0;1.1324;0.0699;0.0707;0.0332;5433;5620.0;5917.8571;6470.2;-0.044;-0.0686;-0.1927;-0.2318;-250.0;-400.0;-1297.0;-1639.0;3.0984;0.1628;0.1397;0.2656;12900;0.0309;0.0893;0.2736;0.9864;387.0;1058.0;2771.0;6406.0;-0.1284;0.0222;-0.0526;-0.0329;0;-1.0;-1.0;-1.0;;-64117.0;-62135.0;-39730.0;0.0;-83.096;-13.1168;-2.5633;-1.0;0;-1.0;-1.0;-1.0;;-23668.0;-22163.0;-13050.0;0.0;-39.1742;-7.5262;-2.1665;-1.0;7896;0.0186;0.0555;0.41;2.2669;144.0;415.0;2296.0;5479.0;0.3981;-0.2441;-0.0324;-0.0151
2020-04-22;119151;0.0156;0.0581;0.1219;0.5243;1827.0;6545.0;12945.0;40984.0;-0.315;0.1894;-0.0586;-0.0454;29741;30143.6667;30596.4286;31060.9333;-0.0121;-0.0284;-0.0641;-0.0095;-365.0;-869.0;-2038.0;-286.0;-0.2364;0.6304;-0.0677;-1.7448;40657;0.0377;0.1115;0.3117;1.1025;1476.0;4079.0;9662.0;21320.0;-0.167;0.2755;-0.0688;-0.0279;5218;5444.6667;5740.8571;6342.6667;-0.0396;-0.0916;-0.1919;-0.2683;-215.0;-526.0;-1239.0;-1913.0;-0.14;0.315;-0.0447;0.1672;13236;0.026;0.0967;0.2436;0.8666;336.0;1167.0;2593.0;6145.0;-0.1318;0.103;-0.0642;-0.0407;0;;-1.0;-1.0;;0.0;-63336.0;-41657.0;0.0;-1.0;0.0193;0.0485;;25513;inf;0.107;0.7726;inf;25513.0;2465.0;11120.0;25513.0;-2.078;-1.1112;-1.8521;inf;8104;0.0263;0.0595;0.2422;1.5036;208.0;455.0;1580.0;4867.0;0.4444;0.0964;-0.3118;-0.1117
2020-04-23;120804;0.0139;0.0536;0.1099;0.4724;1653.0;6147.0;11957.0;38756.0;-0.0952;-0.0608;-0.0763;-0.0544;29219;29688.6667;30298.4286;30983.8667;-0.0176;-0.0446;-0.0666;-0.0381;-522.0;-1365.0;-2086.0;-1156.0;0.4301;0.5708;0.0236;3.042;42088;0.0352;0.1251;0.2827;0.9802;1431.0;4679.0;9276.0;20834.0;-0.0305;0.1471;-0.04;-0.0228;5053;5234.6667;5570.1429;6203.0;-0.0316;-0.1109;-0.1913;-0.2931;-165.0;-630.0;-1195.0;-2095.0;-0.2326;0.1977;-0.0355;0.0951;13547;0.0235;0.0826;0.2249;0.775;311.0;1034.0;2487.0;5915.0;-0.0744;-0.114;-0.0409;-0.0374;64219;inf;0.0016;0.1431;inf;64219.0;102.0;8039.0;64219.0;inf;-1.0016;-1.193;inf;26840;0.052;0.134;0.4151;inf;1327.0;3172.0;7873.0;26840.0;-0.948;0.2868;-0.292;0.052;8309;0.0253;0.0719;0.2112;1.5669;205.0;557.0;1449.0;5072.0;-0.0144;0.2242;-0.0829;0.0421
2020-04-24;122577;0.0147;0.0448;0.122;0.4198;1773.0;5253.0;13325.0;36243.0;0.0726;-0.1454;0.1144;-0.0648;28658;29206.0;29936.7143;30843.2667;-0.0192;-0.0481;-0.0812;-0.0685;-561.0;-1448.0;-2532.0;-2109.0;0.0747;0.0608;0.2138;0.8244;43493;0.0334;0.1101;0.2636;0.8742;1405.0;4312.0;9073.0;20287.0;-0.0182;-0.0784;-0.0219;-0.0263;4870;5047.0;5404.8571;6056.6;-0.0362;-0.1036;-0.192;-0.3108;-183.0;-563.0;-1157.0;-2196.0;0.1091;-0.1063;-0.0318;0.0482;13852;0.0225;0.0738;0.2068;0.722;305.0;952.0;2374.0;5808.0;-0.0193;-0.0793;-0.0454;-0.0181;65131;0.0142;inf;0.1041;inf;912.0;65131.0;6142.0;65131.0;-0.9858;637.5392;-0.236;0.0142;27880;0.0387;inf;0.3753;inf;1040.0;27880.0;7608.0;27880.0;-0.2163;7.7894;-0.0337;0.0387;8393;0.0101;0.0629;0.1652;1.0146;84.0;497.0;1190.0;4227.0;-0.5902;-0.1077;-0.1787;-0.1666
2020-04-25;124114;0.0125;0.0417;0.1099;0.3688;1537.0;4963.0;12293.0;33438.0;-0.1331;-0.0552;-0.0774;-0.0774;28222;28699.6667;29591.4286;30640.2667;-0.0152;-0.0511;-0.0789;-0.0974;-436.0;-1519.0;-2417.0;-3045.0;-0.2228;0.049;-0.0454;0.4438;44594;0.0253;0.0968;0.2393;0.7886;1101.0;3937.0;8611.0;19662.0;-0.2164;-0.087;-0.0509;-0.0308;4725;4882.6667;5246.5714;5904.6667;-0.0298;-0.0945;-0.19;-0.3254;-145.0;-493.0;-1108.0;-2279.0;-0.2077;-0.1243;-0.0424;0.0378;14050;0.0143;0.0615;0.1865;0.6341;198.0;814.0;2208.0;5452.0;-0.3508;-0.145;-0.0699;-0.0613;66500;0.021;inf;0.0703;inf;1369.0;66500.0;4365.0;66500.0;0.5011;0.021;-0.2893;0.021;29126;0.0447;0.1416;0.3142;inf;1246.0;3613.0;6963.0;29126.0;0.1981;-0.8704;-0.0848;0.0447;8564;0.0204;0.0568;0.1448;0.8621;171.0;460.0;1083.0;3965.0;1.0357;-0.0744;-0.0899;-0.062
2020-04-26;124575;0.0037;0.0312;0.1063;0.3282;461.0;3771.0;11969.0;30785.0;-0.7001;-0.2402;-0.0264;-0.0793;28217;28365.6667;29249.5714;30433.4;-0.0002;-0.0343;-0.0782;-0.0991;-5.0;-1002.0;-2393.0;-3103.0;-0.9885;-0.3404;-0.0099;0.019;44903;0.0069;0.0669;0.2276;0.7015;309.0;2815.0;8325.0;18512.0;-0.7193;-0.285;-0.0332;-0.0585;4682;4759.0;5094.8571;5757.9333;-0.0091;-0.0734;-0.1849;-0.3198;-43.0;-371.0;-1062.0;-2201.0;-0.7034;-0.2475;-0.0415;-0.0342;14202;0.0108;0.0484;0.1767;0.5881;152.0;655.0;2133.0;5259.0;-0.2323;-0.1953;-0.034;-0.0354;67168;0.01;0.0459;0.0605;inf;668.0;2949.0;3832.0;67168.0;-0.5121;-0.9557;-0.1221;0.01;29643;0.0178;0.1044;0.2861;inf;517.0;2803.0;6595.0;29643.0;-0.5851;-0.2242;-0.0529;0.0178;8654;0.0105;0.0415;0.1314;0.7701;90.0;345.0;1005.0;3765.0;-0.4737;-0.25;-0.072;-0.0504
2020-04-27;128339;0.0302;0.047;0.1193;0.3452;3764.0;5762.0;13682.0;32936.0;7.1649;0.528;0.1431;0.0699;28055;28164.6667;28888.2857;30182.0;-0.0057;-0.021;-0.0827;-0.1185;-162.0;-603.0;-2529.0;-3771.0;31.4;-0.3982;0.0568;0.2153;45513;0.0136;0.0464;0.2166;0.6741;610.0;2020.0;8104.0;18327.0;0.9741;-0.2824;-0.0265;-0.01;4608;4671.6667;4941.2857;5608.8;-0.0158;-0.0538;-0.1892;-0.3268;-74.0;-262.0;-1075.0;-2237.0;0.7209;-0.2938;0.0122;0.0164;14497;0.0208;0.0466;0.1586;0.5667;295.0;645.0;1984.0;5244.0;0.9408;-0.0153;-0.0699;-0.0029;67730;0.0084;0.0399;0.0564;0.8213;562.0;2599.0;3613.0;30542.0;-0.1587;-0.1187;-0.0572;-0.5453;30227;0.0197;0.0842;0.2771;1.5278;584.0;2347.0;6559.0;18269.0;0.1296;-0.1627;-0.0055;-0.3837;8796;0.0164;0.048;0.1347;0.7113;142.0;403.0;1044.0;3656.0;0.5778;0.1681;0.0388;-0.029
2020-04-28;129859;0.0118;0.0463;0.1068;0.3241;1520.0;5745.0;12535.0;31783.0;-0.5962;-0.003;-0.0838;-0.035;27484;27918.6667;28513.7143;29873.4;-0.0204;-0.0261;-0.0871;-0.1441;-571.0;-738.0;-2622.0;-4629.0;2.5247;0.2239;0.0368;0.2275;46886;0.0302;0.0514;0.1967;0.6915;1373.0;2292.0;7705.0;19168.0;1.2508;0.1347;-0.0492;0.0459;4387;4559.0;4791.8571;5446.5333;-0.048;-0.0715;-0.1925;-0.3568;-221.0;-338.0;-1046.0;-2434.0;1.9865;0.2901;-0.027;0.0881;14810;0.0216;0.0541;0.1481;0.5446;313.0;760.0;1910.0;5222.0;0.061;0.1783;-0.0373;-0.0042;69893;0.0319;0.051;inf;0.8059;2163.0;3393.0;69893.0;31190.0;2.8488;0.3055;18.3449;0.0212;30817;0.0195;0.0581;inf;1.4691;590.0;1691.0;30817.0;18336.0;0.0103;-0.2795;3.6984;0.0037;8850;0.0061;0.0334;0.1208;0.6453;54.0;286.0;954.0;3471.0;-0.6197;-0.2903;-0.0862;-0.0506
2020-04-29;128442;-0.0109;0.031;0.078;0.2401;-1417.0;3867.0;9291.0;24869.0;-1.9322;-0.3269;-0.2588;-0.2175;26834;27457.6667;28098.4286;29509.5333;-0.0237;-0.049;-0.0977;-0.169;-650.0;-1383.0;-2907.0;-5458.0;0.1384;0.874;0.1087;0.1791;48228;0.0286;0.074;0.1862;0.6743;1342.0;3325.0;7571.0;19423.0;-0.0226;0.4507;-0.0174;0.0133;4207;4400.6667;4647.4286;5278.3333;-0.041;-0.1015;-0.1938;-0.3749;-180.0;-475.0;-1011.0;-2523.0;-0.1855;0.4053;-0.0335;0.0366;15053;0.0164;0.0599;0.1373;0.4861;243.0;851.0;1817.0;4924.0;-0.2236;0.1197;-0.0487;-0.0571;69773;-0.0017;0.0388;inf;0.7562;-120.0;2605.0;69773.0;30043.0;-1.0555;-0.2322;-0.0017;-0.0368;31795;0.0317;0.0726;0.2462;1.4364;978.0;2152.0;6282.0;18745.0;0.6576;0.2726;-0.7962;0.0223;9034;0.0208;0.0439;0.1148;0.6132;184.0;380.0;930.0;3434.0;2.4074;0.3287;-0.0252;-0.0107
2020-04-30;129581;0.0089;0.0097;0.0727;0.2201;1139.0;1242.0;8777.0;23375.0;-1.8038;-0.6788;-0.0553;-0.0601;26283;26867.0;27679.0;29143.1333;-0.0205;-0.0632;-0.1005;-0.1729;-551.0;-1772.0;-2936.0;-5496.0;-0.1523;0.2813;0.01;0.007;49476;0.0259;0.0871;0.1755;0.5963;1248.0;3963.0;7388.0;18481.0;-0.07;0.1919;-0.0242;-0.0485;4019;4204.3333;4499.7143;5115.8;-0.0447;-0.1278;-0.2046;-0.3776;-188.0;-589.0;-1034.0;-2438.0;0.0444;0.24;0.0227;-0.0337;15244;0.0127;0.0515;0.1253;0.4323;191.0;747.0;1697.0;4601.0;-0.214;-0.1222;-0.066;-0.0656;69952;0.0026;0.0328;0.0893;0.6792;179.0;2222.0;5733.0;28295.0;-2.4917;-0.147;-0.9178;-0.0582;32355;0.0176;0.0704;0.2055;1.248;560.0;2128.0;5515.0;17962.0;-0.4274;-0.0112;-0.1221;-0.0418;9132;0.0108;0.0382;0.099;0.3998;98.0;336.0;823.0;2608.0;-0.4674;-0.1158;-0.1151;-0.2405
2020-05-01;130185;0.0047;0.0025;0.0621;0.196;604.0;326.0;7608.0;21338.0;-0.4697;-0.7375;-0.1332;-0.0871;25887;26334.6667;27283.1429;28781.9333;-0.0151;-0.0581;-0.0967;-0.1731;-396.0;-1597.0;-2771.0;-5418.0;-0.2813;-0.0988;-0.0562;-0.0142;50212;0.0149;0.0709;0.1545;0.5303;736.0;3326.0;6719.0;17400.0;-0.4103;-0.1607;-0.0906;-0.0585;3878;4034.6667;4358.0;4957.8;-0.0351;-0.116;-0.2037;-0.3793;-141.0;-509.0;-992.0;-2370.0;-0.25;-0.1358;-0.0406;-0.0279;15369;0.0082;0.0377;0.1095;0.3896;125.0;559.0;1517.0;4309.0;-0.3455;-0.2517;-0.1061;-0.0635;69952;0.0;0.0008;0.074;0.2451;0.0;59.0;4821.0;13772.0;-1.0;-0.9734;-0.1591;-0.5133;32791;0.0135;0.0641;0.1761;0.7288;436.0;1974.0;4911.0;13824.0;-0.2214;-0.0724;-0.1095;-0.2304;9225;0.0102;0.0424;0.0991;0.3448;93.0;375.0;832.0;2365.0;-0.051;0.1161;0.0109;-0.0932
2020-05-02;130979;0.0061;0.0198;0.0553;0.1989;794.0;2537.0;6865.0;21727.0;0.3146;6.7822;-0.0977;0.0182;25827;25999.0;26941.0;28424.4;-0.0023;-0.0375;-0.0849;-0.1719;-60.0;-1007.0;-2395.0;-5363.0;-0.8485;-0.3694;-0.1357;-0.0102;50562;0.007;0.0484;0.1338;0.469;350.0;2334.0;5968.0;16142.0;-0.5245;-0.2983;-0.1118;-0.0723;3827;3908.0;4229.7143;4811.1333;-0.0132;-0.0903;-0.1901;-0.365;-51.0;-380.0;-898.0;-2200.0;-0.6383;-0.2534;-0.0948;-0.0717;15487;0.0077;0.0288;0.1023;0.3493;118.0;434.0;1437.0;4009.0;-0.056;-0.2236;-0.0527;-0.0696;70688;0.0105;0.0131;0.063;0.1983;736.0;915.0;4188.0;11699.0;inf;14.5085;-0.1313;-0.1505;33271;0.0146;0.0464;0.1423;0.6412;480.0;1476.0;4145.0;12999.0;0.1009;-0.2523;-0.156;-0.0597;9273;0.0052;0.0265;0.0828;0.2874;48.0;239.0;709.0;2070.0;-0.4839;-0.3627;-0.1478;-0.1247
2020-05-03;131287;0.0024;0.0132;0.0539;0.1741;308.0;1706.0;6712.0;19466.0;-0.6121;-0.3276;-0.0223;-0.1041;25815;25843.0;26597.8571;28102.8;-0.0005;-0.0178;-0.0851;-0.1574;-12.0;-468.0;-2402.0;-4824.0;-0.8;-0.5353;0.0029;-0.1005;50784;0.0044;0.0264;0.131;0.4113;222.0;1308.0;5881.0;14801.0;-0.3657;-0.4396;-0.0146;-0.0831;3819;3841.3333;4106.4286;4676.8667;-0.0021;-0.0498;-0.1843;-0.3453;-8.0;-200.0;-863.0;-2014.0;-0.8431;-0.4737;-0.039;-0.0845;15583;0.0062;0.0222;0.0972;0.3159;96.0;339.0;1381.0;3741.0;-0.1864;-0.2189;-0.039;-0.0668;70767;0.0011;0.0117;0.0536;0.1389;79.0;815.0;3599.0;8632.0;-0.8927;-0.1093;-0.1406;-0.2622;33361;0.0027;0.0311;0.1254;0.5053;90.0;1006.0;3718.0;11198.0;-0.8125;-0.3184;-0.103;-0.1385;9312;0.0042;0.0197;0.076;0.2448;39.0;180.0;658.0;1831.0;-0.1875;-0.2469;-0.0719;-0.1155
2020-05-04;131863;0.0044;0.0129;0.0275;0.171;576.0;1678.0;3524.0;19257.0;0.8701;-0.0164;-0.475;-0.0107;25548;25730.0;26239.7143;27765.3333;-0.0103;-0.0131;-0.0894;-0.1654;-267.0;-339.0;-2507.0;-5062.0;21.25;-0.2756;0.0437;0.0493;51371;0.0116;0.0231;0.1287;0.4044;587.0;1159.0;5858.0;14793.0;1.6441;-0.1139;-0.0039;-0.0005;3696;3780.6667;3976.1429;4540.3333;-0.0322;-0.0469;-0.1979;-0.3565;-123.0;-182.0;-912.0;-2048.0;14.375;-0.09;0.0568;0.0169;15826;0.0156;0.0297;0.0917;0.3113;243.0;457.0;1329.0;3757.0;1.5312;0.3481;-0.0377;0.0043;71390;0.0088;0.0206;0.054;0.1272;623.0;1438.0;3660.0;8054.0;6.8861;0.7644;0.0169;-0.067;33791;0.0129;0.0305;0.1179;0.4661;430.0;1000.0;3564.0;10743.0;3.7778;-0.006;-0.0414;-0.0406;9375;0.0068;0.0163;0.0658;0.2257;63.0;150.0;579.0;1726.0;0.6154;-0.1667;-0.1201;-0.0573
2020-05-05;132967;0.0084;0.0152;0.0239;0.1597;1104.0;1988.0;3108.0;18310.0;0.9167;0.1847;-0.118;-0.0492;24775;25379.3333;25852.7143;27378.0667;-0.0303;-0.0407;-0.0986;-0.1899;-773.0;-1052.0;-2709.0;-5809.0;1.8951;2.1032;0.0806;0.1476;52736;0.0266;0.043;0.1248;0.4097;1365.0;2174.0;5850.0;15327.0;1.3254;0.8758;-0.0014;0.0361;3430;3648.3333;3839.4286;4390.1333;-0.072;-0.1037;-0.2181;-0.3964;-266.0;-397.0;-957.0;-2253.0;1.1626;1.1813;0.0493;0.1001;16060;0.0148;0.037;0.0844;0.2835;234.0;573.0;1250.0;3547.0;-0.037;0.2538;-0.0594;-0.0559;71692;0.0042;0.0142;0.0257;0.1181;302.0;1004.0;1799.0;7575.0;-0.5152;-0.3018;-0.5085;-0.0595;34108;0.0094;0.0252;0.1068;0.4411;317.0;837.0;3291.0;10440.0;-0.2628;-0.163;-0.0766;-0.0282;9471;0.0102;0.0214;0.0702;0.2217;96.0;198.0;621.0;1719.0;0.5238;0.32;0.0725;-0.0041
2020-05-06;137150;0.0315;0.0447;0.0678;0.169;4183.0;5863.0;8708.0;19826.0;2.7889;1.9492;1.8018;0.0828;23983;24768.6667;25445.4286;26969.8667;-0.032;-0.071;-0.1062;-0.2034;-792.0;-1832.0;-2851.0;-6123.0;0.0246;0.7414;0.0524;0.0541;53972;0.0234;0.0628;0.1191;0.3775;1236.0;3188.0;5744.0;14791.0;-0.0945;0.4664;-0.0181;-0.035;3147;3424.3333;3688.0;4237.7333;-0.0825;-0.176;-0.252;-0.4208;-283.0;-672.0;-1060.0;-2286.0;0.0639;0.6927;0.1076;0.0146;16237;0.011;0.042;0.0787;0.2587;177.0;654.0;1184.0;3337.0;-0.2436;0.1414;-0.0528;-0.0592;71548;-0.002;0.011;0.0254;inf;-144.0;781.0;1775.0;71548.0;-1.4768;-0.2221;-0.0133;8.4453;34507;0.0117;0.0344;0.0853;inf;399.0;1146.0;2712.0;34507.0;0.2587;0.3692;-0.1759;2.3053;9572;0.0107;0.0279;0.0596;0.2123;101.0;260.0;538.0;1676.0;0.0521;0.3131;-0.1337;-0.025
2020-05-07;137779;0.0046;0.0449;0.0633;0.1563;629.0;5916.0;8198.0;18628.0;-0.8496;0.009;-0.0586;-0.0604;23208;23988.6667;25006.1429;26534.3333;-0.0323;-0.0916;-0.117;-0.2197;-775.0;-2340.0;-3075.0;-6533.0;-0.0215;0.2773;0.0786;0.067;55027;0.0195;0.0712;0.1122;0.3534;1055.0;3656.0;5551.0;14370.0;-0.1464;0.1468;-0.0336;-0.0285;2961;3179.3333;3536.8571;4087.2667;-0.0591;-0.1989;-0.2632;-0.4325;-186.0;-735.0;-1058.0;-2257.0;-0.3428;0.0938;-0.0019;-0.0127;16386;0.0092;0.0354;0.0749;0.238;149.0;560.0;1142.0;3150.0;-0.1582;-0.1437;-0.0355;-0.056;71665;0.0016;0.0039;0.0245;inf;117.0;275.0;1713.0;71665.0;-1.8125;-0.6479;-0.0349;0.0016;34653;0.0042;0.0255;0.071;0.3582;146.0;862.0;2298.0;9140.0;-0.6341;-0.2478;-0.1527;-0.7351;9601;0.003;0.0241;0.0514;0.1847;29.0;226.0;469.0;1497.0;-0.7129;-0.1308;-0.1283;-0.1068
2020-05-08;138421;0.0047;0.041;0.0633;0.1458;642.0;5454.0;8236.0;17617.0;0.0207;-0.0781;0.0046;-0.0543;22724;23305.0;24554.2857;26101.3333;-0.0209;-0.0828;-0.1222;-0.2223;-484.0;-2051.0;-3163.0;-6495.0;-0.3755;-0.1235;0.0286;-0.0058;55782;0.0137;0.0578;0.1109;0.3254;755.0;3046.0;5570.0;13694.0;-0.2844;-0.1668;0.0034;-0.047;2868;2992.0;3392.5714;3941.6;-0.0314;-0.1638;-0.2604;-0.4324;-93.0;-562.0;-1010.0;-2185.0;-0.5;-0.2354;-0.0454;-0.0319;16497;0.0068;0.0272;0.0734;0.2178;111.0;437.0;1128.0;2950.0;-0.255;-0.2196;-0.0123;-0.0635;72548;0.0123;0.0119;0.0371;0.1297;883.0;856.0;2596.0;8329.0;6.547;2.1127;0.5155;-0.8838;34890;0.0068;0.0229;0.064;0.2999;237.0;782.0;2099.0;8050.0;0.6233;-0.0928;-0.0866;-0.1193;9733;0.0137;0.0277;0.0551;0.1714;132.0;262.0;508.0;1424.0;3.5517;0.1593;0.0832;-0.0488
2020-05-09;138854;0.0031;0.0124;0.0601;0.1328;433.0;1704.0;7875.0;16277.0;-0.3255;-0.6876;-0.0438;-0.0761;22614;22848.6667;24095.2857;25698.4;-0.0048;-0.0571;-0.1244;-0.2109;-110.0;-1369.0;-3213.0;-6044.0;-0.7727;-0.3325;0.0158;-0.0694;56038;0.0046;0.0383;0.1083;0.2884;256.0;2066.0;5476.0;12545.0;-0.6609;-0.3217;-0.0169;-0.0839;2812;2880.3333;3247.5714;3804.4;-0.0195;-0.1065;-0.2652;-0.4226;-56.0;-335.0;-1015.0;-2058.0;-0.3978;-0.4039;0.005;-0.0581;16573;0.0046;0.0207;0.0701;0.1964;76.0;336.0;1086.0;2721.0;-0.3153;-0.2311;-0.0372;-0.0776;72850;0.0042;0.0182;0.0306;0.1185;302.0;1302.0;2162.0;7719.0;-0.658;0.521;-0.1672;-0.0732;35046;0.0045;0.0156;0.0533;0.257;156.0;539.0;1775.0;7166.0;-0.3418;-0.3107;-0.1544;-0.1098;9737;0.0004;0.0172;0.05;0.1601;4.0;165.0;464.0;1344.0;-0.9697;-0.3702;-0.0866;-0.0562
2020-05-10;139063;0.0015;0.0093;0.0592;0.1204;209.0;1284.0;7776.0;14949.0;-0.5173;-0.2465;-0.0126;-0.0816;22569;22635.6667;23631.5714;25321.5333;-0.002;-0.0275;-0.1257;-0.2003;-45.0;-639.0;-3246.0;-5653.0;-0.5909;-0.5332;0.0103;-0.0647;56217;0.0032;0.0216;0.107;0.2606;179.0;1190.0;5433.0;11623.0;-0.3008;-0.424;-0.0079;-0.0735;2776;2818.6667;3098.5714;3674.4667;-0.0128;-0.0625;-0.2731;-0.4125;-36.0;-185.0;-1043.0;-1949.0;-0.3571;-0.4478;0.0276;-0.053;16642;0.0042;0.0156;0.068;0.1845;69.0;256.0;1059.0;2592.0;-0.0921;-0.2381;-0.0249;-0.0474;73143;0.004;0.0206;0.0336;0.0999;293.0;1478.0;2376.0;6643.0;-0.0298;0.1352;0.099;-0.1394;35236;0.0054;0.0168;0.0562;0.2098;190.0;583.0;1875.0;6110.0;0.2179;0.0816;0.0563;-0.1474;9738;0.0001;0.0143;0.0457;0.1371;1.0;137.0;426.0;1174.0;-0.75;-0.1697;-0.0819;-0.1265
2020-05-11;139519;0.0033;0.0079;0.0581;0.12;456.0;1098.0;7656.0;14944.0;1.1818;-0.1449;-0.0154;-0.0003;22284;22489.0;23165.2857;24926.0;-0.0126;-0.0194;-0.1278;-0.2103;-285.0;-440.0;-3264.0;-5933.0;5.3333;-0.3114;0.0055;0.0495;56724;0.009;0.0169;0.1042;0.2633;507.0;942.0;5353.0;11821.0;1.8324;-0.2084;-0.0147;0.017;2712;2766.6667;2958.0;3543.1333;-0.0231;-0.0544;-0.2662;-0.4208;-64.0;-156.0;-984.0;-1970.0;0.7778;-0.1568;-0.0566;0.0108;16820;0.0107;0.0196;0.0628;0.1843;178.0;323.0;994.0;2618.0;1.5797;0.2617;-0.0614;0.01;73099;-0.0006;0.0076;0.0239;0.0883;-44.0;551.0;1709.0;5931.0;-1.1502;-0.6272;-0.2807;-0.1072;35195;-0.0012;0.0087;0.0415;0.1873;-41.0;305.0;1404.0;5552.0;-1.2158;-0.4768;-0.2512;-0.0913;9823;0.0087;0.0092;0.0478;0.1351;85.0;90.0;448.0;1169.0;84.0;-0.3431;0.0516;-0.0043
2020-05-12;140227;0.0051;0.0099;0.0546;0.0926;708.0;1373.0;7260.0;11888.0;0.5526;0.2505;-0.0517;-0.2045;21595;22149.3333;22711.0;24495.3333;-0.0309;-0.0451;-0.1284;-0.2303;-689.0;-1019.0;-3180.0;-6460.0;1.4175;1.3159;-0.0257;0.0888;57785;0.0187;0.0312;0.0957;0.2696;1061.0;1747.0;5049.0;12272.0;1.0927;0.8546;-0.0568;0.0382;2542;2676.6667;2831.1429;3405.4;-0.0627;-0.096;-0.2589;-0.4484;-170.0;-270.0;-888.0;-2066.0;1.6562;0.7308;-0.0976;0.0487;17003;0.0109;0.0259;0.0587;0.1729;183.0;430.0;943.0;2506.0;0.0281;0.3313;-0.0513;-0.0428;73435;0.0046;0.008;0.0243;0.0842;336.0;585.0;1743.0;5705.0;-8.6364;0.0617;0.0199;-0.0381;35437;0.0069;0.0112;0.039;0.1724;242.0;391.0;1329.0;5210.0;-6.9024;0.282;-0.0534;-0.0616;9988;0.0168;0.0258;0.0546;0.1355;165.0;251.0;517.0;1192.0;0.9412;1.7889;0.154;0.0197
2020-05-13;140734;0.0036;0.012;0.0261;0.0837;507.0;1671.0;3584.0;10875.0;-0.2839;0.217;-0.5063;-0.0852;21071;21650.0;22295.0;24067.8;-0.0243;-0.0664;-0.1214;-0.2333;-524.0;-1498.0;-2912.0;-6413.0;-0.2395;0.4701;-0.0843;-0.0073;58673;0.0154;0.0437;0.0871;0.2514;888.0;2456.0;4701.0;11787.0;-0.1631;0.4058;-0.0689;-0.0395;2428;2560.6667;2728.4286;3274.8;-0.0448;-0.1254;-0.2285;-0.4465;-114.0;-348.0;-719.0;-1959.0;-0.3294;0.2889;-0.1903;-0.0518;17101;0.0058;0.0276;0.0532;0.1547;98.0;459.0;864.0;2291.0;-0.4645;0.0674;-0.0838;-0.0858;72930;-0.0069;-0.0029;0.0193;0.0435;-505.0;-213.0;1382.0;3037.0;-2.503;-1.3641;-0.2071;-0.4677;35604;0.0047;0.0104;0.0318;0.1553;167.0;368.0;1097.0;4787.0;-0.3099;-0.0588;-0.1746;-0.0812;9973;-0.0015;0.0241;0.0419;0.1269;-15.0;235.0;401.0;1123.0;-1.0909;-0.0637;-0.2244;-0.0579
2020-05-14;141356;0.0044;0.0132;0.026;0.1005;622.0;1837.0;3577.0;12914.0;0.2268;0.0993;-0.002;0.1875;20463;21043.0;21902.8571;23643.0667;-0.0289;-0.0817;-0.1183;-0.2374;-608.0;-1821.0;-2745.0;-6371.0;0.1603;0.2156;-0.0573;-0.0065;59605;0.0159;0.0508;0.0832;0.2359;932.0;2881.0;4578.0;11377.0;0.0495;0.173;-0.0262;-0.0348;2299;2423.0;2633.8571;3147.6;-0.0531;-0.1523;-0.2236;-0.4535;-129.0;-413.0;-662.0;-1908.0;0.1316;0.1868;-0.0793;-0.026;17224;0.0072;0.024;0.0511;0.1442;123.0;404.0;838.0;2171.0;0.2551;-0.1198;-0.0301;-0.0524;73334;0.0055;0.0032;0.0233;0.051;404.0;235.0;1669.0;3561.0;-1.8;-2.1033;0.2077;0.1725;35820;0.0061;0.0178;0.0337;0.1266;216.0;625.0;1167.0;4025.0;0.2934;0.6984;0.0638;-0.1592;10201;0.0229;0.0385;0.0625;0.1292;228.0;378.0;600.0;1167.0;-16.2;0.6085;0.4963;0.0392
2020-05-15;141919;0.004;0.0121;0.0253;0.0952;563.0;1692.0;3498.0;12338.0;-0.0949;-0.0789;-0.0221;-0.0446;19861;20465.0;21493.8571;23214.9333;-0.0294;-0.0803;-0.126;-0.2443;-602.0;-1734.0;-2863.0;-6422.0;-0.0099;-0.0478;0.043;0.008;60448;0.0141;0.0461;0.0836;0.2218;843.0;2663.0;4666.0;10972.0;-0.0955;-0.0757;0.0192;-0.0356;2203;2310.0;2538.8571;3026.5333;-0.0418;-0.1334;-0.2319;-0.4519;-96.0;-339.0;-665.0;-1816.0;-0.2558;-0.1792;0.0045;-0.0482;17342;0.0069;0.0199;0.0512;0.1376;118.0;339.0;845.0;2098.0;-0.0407;-0.1609;0.0084;-0.0336;73713;0.0052;0.0038;0.0161;0.0538;379.0;278.0;1165.0;3761.0;-0.0619;0.183;-0.302;0.0562;36126;0.0085;0.0194;0.0354;0.1166;306.0;689.0;1236.0;3771.0;0.4167;0.1024;0.0591;-0.0631;10187;-0.0014;0.0199;0.0466;0.1155;-14.0;199.0;454.0;1055.0;-1.0614;-0.4735;-0.2433;-0.096
2020-05-16;142291;0.0026;0.0111;0.0248;0.093;372.0;1557.0;3437.0;12106.0;-0.3393;-0.0798;-0.0174;-0.0188;19432;19918.6667;21039.2857;22784.6;-0.0216;-0.0778;-0.1407;-0.2494;-429.0;-1639.0;-3182.0;-6455.0;-0.2874;-0.0548;0.1114;0.0051;61066;0.0102;0.0408;0.0897;0.2162;618.0;2393.0;5028.0;10854.0;-0.2669;-0.1014;0.0776;-0.0108;2132;2211.3333;2441.7143;2910.1333;-0.0322;-0.1219;-0.2418;-0.4502;-71.0;-296.0;-680.0;-1746.0;-0.2604;-0.1268;0.0226;-0.0385;17412;0.004;0.0182;0.0506;0.1329;70.0;311.0;839.0;2043.0;-0.4068;-0.0826;-0.0071;-0.0262;73249;-0.0063;0.0044;0.0055;0.0471;-464.0;319.0;399.0;3297.0;-2.2243;0.1475;-0.6575;-0.1234;36175;0.0014;0.016;0.0322;0.1032;49.0;571.0;1129.0;3384.0;-0.8399;-0.1713;-0.0866;-0.1026;10213;0.0026;0.0241;0.0489;0.1071;26.0;240.0;476.0;988.0;-2.8571;0.206;0.0485;-0.0635
2020-05-17;142411;0.0008;0.0075;0.0241;0.0873;120.0;1055.0;3348.0;11432.0;-0.6774;-0.3224;-0.0259;-0.0557;19361;19551.3333;20581.0;22353.5333;-0.0037;-0.0539;-0.1421;-0.2504;-71.0;-1102.0;-3208.0;-6466.0;-0.8345;-0.3276;0.0082;0.0017;61213;0.0024;0.027;0.0889;0.2107;147.0;1608.0;4996.0;10651.0;-0.7621;-0.328;-0.0064;-0.0187;2087;2140.6667;2343.2857;2794.1333;-0.0211;-0.0922;-0.2482;-0.4547;-45.0;-212.0;-689.0;-1740.0;-0.3662;-0.2838;0.0132;-0.0034;17466;0.0031;0.0141;0.0495;0.1278;54.0;242.0;824.0;1979.0;-0.2286;-0.2219;-0.0179;-0.0313;73619;0.0051;0.0039;0.0065;0.0415;370.0;285.0;476.0;2931.0;-1.7974;-0.1066;0.193;-0.111;36461;0.0079;0.0179;0.0348;0.0959;286.0;641.0;1225.0;3190.0;4.8367;0.1226;0.085;-0.0573;10642;0.042;0.0432;0.0928;0.1476;429.0;441.0;904.0;1369.0;15.5;0.8375;0.8992;0.3856
2020-05-18;142903;0.0035;0.0069;0.0243;0.0885;492.0;984.0;3384.0;11616.0;3.1;-0.0673;0.0108;0.0161;19015;19269.3333;20114.0;21900.2;-0.0179;-0.0426;-0.1467;-0.2634;-346.0;-846.0;-3269.0;-6800.0;3.8732;-0.2323;0.019;0.0517;61728;0.0084;0.0212;0.0882;0.2155;515.0;1280.0;5004.0;10944.0;2.5034;-0.204;0.0016;0.0275;1998;2072.3333;2241.2857;2672.7333;-0.0426;-0.0931;-0.2633;-0.4768;-89.0;-205.0;-714.0;-1821.0;0.9778;-0.033;0.0363;0.0466;17589;0.007;0.0142;0.0457;0.1287;123.0;247.0;769.0;2006.0;1.2778;0.0207;-0.0667;0.0136;73623;0.0001;-0.0012;0.0072;0.0404;4.0;-90.0;524.0;2856.0;-0.9892;-1.3158;0.1008;-0.0256;36599;0.0038;0.0131;0.0399;0.0971;138.0;473.0;1404.0;3238.0;-0.5175;-0.2621;0.1461;0.015;10650;0.0008;0.0455;0.0842;0.1437;8.0;463.0;827.0;1338.0;-0.9814;0.0499;-0.0852;-0.0226
2020-05-19;143427;0.0037;0.008;0.0228;0.0877;524.0;1136.0;3200.0;11564.0;0.065;0.1545;-0.0544;-0.0045;18468;18948.0;19667.2857;21428.2;-0.0288;-0.0496;-0.1448;-0.2771;-547.0;-964.0;-3127.0;-7080.0;0.5809;0.1395;-0.0434;0.0412;62563;0.0135;0.0245;0.0827;0.2179;835.0;1497.0;4778.0;11192.0;0.6214;0.1695;-0.0452;0.0227;1894;1993.0;2148.7143;2552.6;-0.0521;-0.1116;-0.2549;-0.4876;-104.0;-238.0;-648.0;-1802.0;0.1685;0.161;-0.0924;-0.0104;17714;0.0071;0.0173;0.0418;0.1193;125.0;302.0;711.0;1888.0;0.0163;0.2227;-0.0754;-0.0588;73912;0.0039;0.0091;0.0065;0.0353;289.0;663.0;477.0;2522.0;71.25;-8.3667;-0.0897;-0.1169;36530;-0.0019;0.0098;0.0308;0.0811;-69.0;355.0;1093.0;2739.0;-1.5;-0.2495;-0.2215;-0.1541;10308;-0.0321;0.0093;0.032;0.0995;-342.0;95.0;320.0;933.0;-43.75;-0.7948;-0.6131;-0.3027
2020-05-20;143845;0.0029;0.0101;0.0221;0.0818;418.0;1434.0;3111.0;10878.0;-0.2023;0.2623;-0.0278;-0.0593;17941;18474.6667;19220.1429;20972.6;-0.0285;-0.0733;-0.1485;-0.2758;-527.0;-1420.0;-3130.0;-6834.0;-0.0366;0.473;0.001;-0.0347;63354;0.0126;0.035;0.0798;0.2013;791.0;2141.0;4681.0;10618.0;-0.0527;0.4302;-0.0203;-0.0513;1794;1895.3333;2058.1429;2443.5333;-0.0528;-0.1404;-0.2611;-0.477;-100.0;-293.0;-634.0;-1636.0;-0.0385;0.2311;-0.0216;-0.0921;17812;0.0055;0.0198;0.0416;0.1091;98.0;346.0;711.0;1752.0;-0.216;0.1457;0.0;-0.072;74481;0.0077;0.0117;0.0213;0.0389;569.0;862.0;1551.0;2789.0;0.9689;0.3002;2.2516;0.1059;36751;0.006;0.008;0.0322;0.0775;221.0;290.0;1147.0;2643.0;-4.2029;-0.1831;0.0494;-0.035;10320;0.0012;-0.0303;0.0348;0.0896;12.0;-322.0;347.0;849.0;-1.0351;-4.3895;0.0844;-0.09
2020-05-21;144163;0.0022;0.0088;0.0199;0.0511;318.0;1260.0;2807.0;7013.0;-0.2392;-0.1213;-0.0977;-0.3553;17583;17997.3333;18808.7143;20545.9333;-0.02;-0.0753;-0.1407;-0.2669;-358.0;-1432.0;-2880.0;-6400.0;-0.3207;0.0085;-0.0799;-0.0635;63858;0.008;0.0345;0.0714;0.1832;504.0;2130.0;4253.0;9886.0;-0.3628;-0.0051;-0.0914;-0.0689;1745;1811.0;1979.0;2350.0667;-0.0273;-0.1266;-0.241;-0.4455;-49.0;-253.0;-554.0;-1402.0;-0.51;-0.1365;-0.1262;-0.143;17870;0.0033;0.016;0.0375;0.1006;58.0;281.0;646.0;1633.0;-0.4082;-0.1879;-0.0914;-0.0679;74516;0.0005;0.0121;0.0161;0.0415;35.0;893.0;1182.0;2968.0;-0.9385;0.036;-0.2379;0.0642;36853;0.0028;0.0069;0.0288;0.068;102.0;254.0;1033.0;2346.0;-0.5385;-0.1241;-0.0994;-0.1124;10345;0.0024;-0.0286;0.0141;0.0808;25.0;-305.0;144.0;773.0;1.0833;-0.0528;-0.585;-0.0895
2020-05-22;144556;0.0027;0.0079;0.0186;0.0492;393.0;1129.0;2637.0;6777.0;0.2358;-0.104;-0.0606;-0.0337;17383;17635.6667;18454.7143;20157.6;-0.0114;-0.0588;-0.1248;-0.251;-200.0;-1085.0;-2478.0;-5825.0;-0.4413;-0.2423;-0.1396;-0.0898;64209;0.0055;0.0263;0.0622;0.1669;351.0;1646.0;3761.0;9182.0;-0.3036;-0.2272;-0.1157;-0.0712;1701;1746.6667;1907.2857;2266.0667;-0.0252;-0.1019;-0.2279;-0.4255;-44.0;-193.0;-502.0;-1260.0;-0.102;-0.2372;-0.0939;-0.1013;17944;0.0041;0.013;0.0347;0.0951;74.0;230.0;602.0;1558.0;0.2759;-0.1815;-0.0681;-0.0459;74516;0.0;0.0082;0.0109;0.0398;0.0;604.0;803.0;2851.0;-1.0;-0.3236;-0.3206;-0.0394;36853;0.0;0.0088;0.0201;0.0635;0.0;323.0;727.0;2200.0;-1.0;0.2717;-0.2962;-0.0622;10345;0.0;0.0036;0.0155;0.0775;0.0;37.0;158.0;744.0;-1.0;-1.1213;0.0972;-0.0375
2020-05-23;144806;0.0017;0.0067;0.0177;0.0461;250.0;961.0;2515.0;6385.0;-0.3639;-0.1488;-0.0463;-0.0578;17178;17381.3333;18132.7143;19787.8667;-0.0118;-0.0425;-0.116;-0.2441;-205.0;-763.0;-2254.0;-5546.0;0.025;-0.2968;-0.0904;-0.0479;64547;0.0053;0.0188;0.057;0.1571;338.0;1193.0;3481.0;8765.0;-0.037;-0.2752;-0.0744;-0.0454;1665;1703.6667;1840.5714;2185.8667;-0.0212;-0.0719;-0.219;-0.4195;-36.0;-129.0;-467.0;-1203.0;-0.1818;-0.3316;-0.0697;-0.0452;17987;0.0024;0.0098;0.033;0.0903;43.0;175.0;575.0;1490.0;-0.4189;-0.2391;-0.0449;-0.0436;74516;0.0;0.0005;0.0173;0.0271;0.0;35.0;1267.0;1968.0;;-0.9421;0.5778;-0.3097;36853;0.0;0.0028;0.0187;0.0563;0.0;102.0;678.0;1963.0;;-0.6842;-0.0674;-0.1077;10345;0.0;0.0024;0.0129;0.0629;0.0;25.0;132.0;612.0;;-0.3243;-0.1646;-0.1774
2020-05-24;144921;0.0008;0.0053;0.0176;0.0437;115.0;758.0;2510.0;6067.0;-0.54;-0.2112;-0.002;-0.0498;17185;17248.6667;17821.8571;19425.9333;0.0004;-0.0226;-0.1124;-0.2401;7.0;-398.0;-2176.0;-5429.0;-1.0341;-0.4784;-0.0346;-0.0211;64617;0.0011;0.0119;0.0556;0.1531;70.0;759.0;3404.0;8579.0;-0.7929;-0.3638;-0.0221;-0.0212;1655;1673.6667;1778.8571;2108.7333;-0.006;-0.0516;-0.207;-0.4115;-10.0;-90.0;-432.0;-1157.0;-0.7222;-0.3023;-0.0749;-0.0382;18022;0.0019;0.0085;0.0318;0.0874;35.0;152.0;556.0;1449.0;-0.186;-0.1314;-0.033;-0.0275;74516;0.0;0.0;0.0122;0.0229;0.0;0.0;897.0;1666.0;;-1.0;-0.292;-0.1535;36853;0.0;0.0;0.0108;0.0516;0.0;0.0;392.0;1807.0;;-1.0;-0.4218;-0.0795;10345;0.0;0.0;-0.0279;0.0624;0.0;0.0;-297.0;608.0;;-1.0;-3.25;-0.0065
2020-05-25;145279;0.0025;0.005;0.0166;0.0447;358.0;723.0;2376.0;6216.0;2.113;-0.0462;-0.0534;0.0246;16798;17053.6667;17505.1429;19041.2;-0.0225;-0.0337;-0.1166;-0.2557;-387.0;-585.0;-2217.0;-5771.0;-56.2857;0.4698;0.0188;0.063;65199;0.009;0.0154;0.0562;0.1598;582.0;990.0;3471.0;8982.0;7.3143;0.3043;0.0197;0.047;1609;1643.0;1723.2857;2030.9333;-0.0278;-0.0541;-0.1947;-0.4204;-46.0;-92.0;-389.0;-1167.0;3.6;0.0222;-0.0995;0.0086;18112;0.005;0.0094;0.0297;0.0883;90.0;168.0;523.0;1470.0;1.5714;0.1053;-0.0594;0.0145;74516;0.0;0.0;0.0121;0.0188;0.0;0.0;893.0;1373.0;;;-0.0045;-0.1759;36853;0.0;0.0;0.0069;0.0459;0.0;0.0;254.0;1617.0;;;-0.352;-0.1051;10345;0.0;0.0;-0.0286;0.0623;0.0;0.0;-305.0;607.0;;;0.0269;-0.0016
